benchmark,category,method,vector,enabled_experts,alpha,n,accuracy,precision,recall,f1,yes_rate,tp,tn,fp,fn,invalid,label_yes_accuracy,label_no_accuracy,baseline_accuracy,baseline_f1,baseline_yes_rate,baseline_fp,baseline_fn,delta_acc,delta_f1,delta_yes_rate,delta_fp,delta_fn,wrong_to_right,right_to_wrong,changed_pred,yes_to_no,no_to_yes,delta_margin_yes,delta_margin_no,delta_margin_all,vector_path,layers,k_heads,head_select,run_dir
mme_color,color,baseline,,"cat,attr,rel",,60,0.8666666666666667,0.8055555555555556,0.9666666666666667,0.8787878787878789,0.6,29,23,7,1,0,0.9666666666666667,0.7666666666666667,0.8666666666666667,0.8787878787878789,0.6,7,1,0.0,0.0,0.0,0,0,0,0,0,0,0,0.0,0.0,0.0,,5-25,64,norm,/home/huiwei/sy/halludata/data/outputs_attr_sanity_mme/runs/color/baseline
mme_color,color,steered,attr,attr,0.025,60,0.85,0.7837837837837838,0.9666666666666667,0.8656716417910447,0.6166666666666667,29,22,8,1,0,0.9666666666666667,0.7333333333333333,0.8666666666666667,0.8787878787878789,0.6,7,1,-0.01666666666666672,-0.013116236996834174,0.01666666666666672,1,0,0,1,1,0,1,0.0,0.004166666666666667,0.0020833333333333333,/home/huiwei/sy/halludata/data/gqa_typeaware_v1/steering/gqa_global_residual_vectors.pt,5-25,64,norm,/home/huiwei/sy/halludata/data/outputs_attr_sanity_mme/runs/color/attr_alpha0p025
mme_color,color,steered,attr,attr,0.05,60,0.85,0.7837837837837838,0.9666666666666667,0.8656716417910447,0.6166666666666667,29,22,8,1,0,0.9666666666666667,0.7333333333333333,0.8666666666666667,0.8787878787878789,0.6,7,1,-0.01666666666666672,-0.013116236996834174,0.01666666666666672,1,0,0,1,1,0,1,0.0375,0.008333333333333333,0.022916666666666665,/home/huiwei/sy/halludata/data/gqa_typeaware_v1/steering/gqa_global_residual_vectors.pt,5-25,64,norm,/home/huiwei/sy/halludata/data/outputs_attr_sanity_mme/runs/color/attr_alpha0p05
mme_color,color,steered,attr,attr,0.1,60,0.85,0.7837837837837838,0.9666666666666667,0.8656716417910447,0.6166666666666667,29,22,8,1,0,0.9666666666666667,0.7333333333333333,0.8666666666666667,0.8787878787878789,0.6,7,1,-0.01666666666666672,-0.013116236996834174,0.01666666666666672,1,0,0,1,1,0,1,0.075,0.025,0.05,/home/huiwei/sy/halludata/data/gqa_typeaware_v1/steering/gqa_global_residual_vectors.pt,5-25,64,norm,/home/huiwei/sy/halludata/data/outputs_attr_sanity_mme/runs/color/attr_alpha0p1
mme_color,color,steered,attr,attr,0.25,60,0.8333333333333334,0.7631578947368421,0.9666666666666667,0.8529411764705883,0.6333333333333333,29,21,9,1,0,0.9666666666666667,0.7,0.8666666666666667,0.8787878787878789,0.6,7,1,-0.033333333333333326,-0.025846702317290582,0.033333333333333326,2,0,0,2,2,0,2,0.2375,0.05416666666666667,0.14583333333333334,/home/huiwei/sy/halludata/data/gqa_typeaware_v1/steering/gqa_global_residual_vectors.pt,5-25,64,norm,/home/huiwei/sy/halludata/data/outputs_attr_sanity_mme/runs/color/attr_alpha0p25
mme_color,color,steered,attr,attr,0.5,60,0.85,0.7837837837837838,0.9666666666666667,0.8656716417910447,0.6166666666666667,29,22,8,1,0,0.9666666666666667,0.7333333333333333,0.8666666666666667,0.8787878787878789,0.6,7,1,-0.01666666666666672,-0.013116236996834174,0.01666666666666672,1,0,0,1,1,0,1,0.475,0.17916666666666667,0.32708333333333334,/home/huiwei/sy/halludata/data/gqa_typeaware_v1/steering/gqa_global_residual_vectors.pt,5-25,64,norm,/home/huiwei/sy/halludata/data/outputs_attr_sanity_mme/runs/color/attr_alpha0p5
mme_color,color,steered,attr,attr,0.75,60,0.8333333333333334,0.7631578947368421,0.9666666666666667,0.8529411764705883,0.6333333333333333,29,21,9,1,0,0.9666666666666667,0.7,0.8666666666666667,0.8787878787878789,0.6,7,1,-0.033333333333333326,-0.025846702317290582,0.033333333333333326,2,0,0,2,2,0,2,0.65,0.3375,0.49375,/home/huiwei/sy/halludata/data/gqa_typeaware_v1/steering/gqa_global_residual_vectors.pt,5-25,64,norm,/home/huiwei/sy/halludata/data/outputs_attr_sanity_mme/runs/color/attr_alpha0p75
mme_color,color,steered,attr,attr,1.0,60,0.8166666666666667,0.7317073170731707,1.0,0.8450704225352113,0.6833333333333333,30,19,11,0,0,1.0,0.6333333333333333,0.8666666666666667,0.8787878787878789,0.6,7,1,-0.050000000000000044,-0.033717456252667644,0.08333333333333337,4,-1,1,4,5,0,5,0.7583333333333333,0.6041666666666666,0.68125,/home/huiwei/sy/halludata/data/gqa_typeaware_v1/steering/gqa_global_residual_vectors.pt,5-25,64,norm,/home/huiwei/sy/halludata/data/outputs_attr_sanity_mme/runs/color/attr_alpha1p0
mme_color,color,steered,attr_res,attr_res,0.025,60,0.8666666666666667,0.8055555555555556,0.9666666666666667,0.8787878787878789,0.6,29,23,7,1,0,0.9666666666666667,0.7666666666666667,0.8666666666666667,0.8787878787878789,0.6,7,1,0.0,0.0,0.0,0,0,0,0,0,0,0,-0.016666666666666666,-0.008333333333333333,-0.0125,/home/huiwei/sy/halludata/data/gqa_typeaware_v1/steering/gqa_global_residual_vectors.pt,5-25,64,norm,/home/huiwei/sy/halludata/data/outputs_attr_sanity_mme/runs/color/attr_res_alpha0p025
mme_color,color,steered,attr_res,attr_res,0.05,60,0.8666666666666667,0.8055555555555556,0.9666666666666667,0.8787878787878789,0.6,29,23,7,1,0,0.9666666666666667,0.7666666666666667,0.8666666666666667,0.8787878787878789,0.6,7,1,0.0,0.0,0.0,0,0,0,0,0,0,0,0.008333333333333333,0.008333333333333333,0.008333333333333333,/home/huiwei/sy/halludata/data/gqa_typeaware_v1/steering/gqa_global_residual_vectors.pt,5-25,64,norm,/home/huiwei/sy/halludata/data/outputs_attr_sanity_mme/runs/color/attr_res_alpha0p05
mme_color,color,steered,attr_res,attr_res,0.1,60,0.8666666666666667,0.8055555555555556,0.9666666666666667,0.8787878787878789,0.6,29,23,7,1,0,0.9666666666666667,0.7666666666666667,0.8666666666666667,0.8787878787878789,0.6,7,1,0.0,0.0,0.0,0,0,1,1,2,1,1,-0.004166666666666667,-0.0125,-0.008333333333333333,/home/huiwei/sy/halludata/data/gqa_typeaware_v1/steering/gqa_global_residual_vectors.pt,5-25,64,norm,/home/huiwei/sy/halludata/data/outputs_attr_sanity_mme/runs/color/attr_res_alpha0p1
mme_color,color,steered,attr_res,attr_res,0.25,60,0.8833333333333333,0.8285714285714286,0.9666666666666667,0.8923076923076922,0.5833333333333334,29,24,6,1,0,0.9666666666666667,0.8,0.8666666666666667,0.8787878787878789,0.6,7,1,0.016666666666666607,0.01351981351981335,-0.016666666666666607,-1,0,1,0,1,1,0,0.03333333333333333,-0.025,0.004166666666666667,/home/huiwei/sy/halludata/data/gqa_typeaware_v1/steering/gqa_global_residual_vectors.pt,5-25,64,norm,/home/huiwei/sy/halludata/data/outputs_attr_sanity_mme/runs/color/attr_res_alpha0p25
mme_color,color,steered,attr_res,attr_res,0.5,60,0.8666666666666667,0.8055555555555556,0.9666666666666667,0.8787878787878789,0.6,29,23,7,1,0,0.9666666666666667,0.7666666666666667,0.8666666666666667,0.8787878787878789,0.6,7,1,0.0,0.0,0.0,0,0,0,0,0,0,0,0.06666666666666667,-0.05,0.008333333333333333,/home/huiwei/sy/halludata/data/gqa_typeaware_v1/steering/gqa_global_residual_vectors.pt,5-25,64,norm,/home/huiwei/sy/halludata/data/outputs_attr_sanity_mme/runs/color/attr_res_alpha0p5
mme_color,color,steered,attr_res,attr_res,0.75,60,0.85,0.8,0.9333333333333333,0.8615384615384616,0.5833333333333334,28,23,7,2,0,0.9333333333333333,0.7666666666666667,0.8666666666666667,0.8787878787878789,0.6,7,1,-0.01666666666666672,-0.01724941724941731,-0.016666666666666607,0,1,0,1,1,1,0,0.10833333333333334,-0.1,0.004166666666666667,/home/huiwei/sy/halludata/data/gqa_typeaware_v1/steering/gqa_global_residual_vectors.pt,5-25,64,norm,/home/huiwei/sy/halludata/data/outputs_attr_sanity_mme/runs/color/attr_res_alpha0p75
mme_color,color,steered,attr_res,attr_res,1.0,60,0.85,0.8,0.9333333333333333,0.8615384615384616,0.5833333333333334,28,23,7,2,0,0.9333333333333333,0.7666666666666667,0.8666666666666667,0.8787878787878789,0.6,7,1,-0.01666666666666672,-0.01724941724941731,-0.016666666666666607,0,1,0,1,1,1,0,0.11666666666666667,-0.11666666666666667,0.0,/home/huiwei/sy/halludata/data/gqa_typeaware_v1/steering/gqa_global_residual_vectors.pt,5-25,64,norm,/home/huiwei/sy/halludata/data/outputs_attr_sanity_mme/runs/color/attr_res_alpha1p0
mme_color,color,steered,disjoint_v2_attr,attr,0.025,60,0.85,0.7837837837837838,0.9666666666666667,0.8656716417910447,0.6166666666666667,29,22,8,1,0,0.9666666666666667,0.7333333333333333,0.8666666666666667,0.8787878787878789,0.6,7,1,-0.01666666666666672,-0.013116236996834174,0.01666666666666672,1,0,0,1,1,0,1,0.008333333333333333,-0.004166666666666667,0.0020833333333333333,/home/huiwei/sy/halludata/data/outputs_after_template_disjoint_v2/steering/after_template_disjoint_v2_bucket_vectors.pt,5-25,64,norm,/home/huiwei/sy/halludata/data/outputs_attr_sanity_mme/runs/color/disjoint_v2_attr_alpha0p025
mme_color,color,steered,disjoint_v2_attr,attr,0.05,60,0.85,0.7837837837837838,0.9666666666666667,0.8656716417910447,0.6166666666666667,29,22,8,1,0,0.9666666666666667,0.7333333333333333,0.8666666666666667,0.8787878787878789,0.6,7,1,-0.01666666666666672,-0.013116236996834174,0.01666666666666672,1,0,0,1,1,0,1,0.03333333333333333,0.016666666666666666,0.025,/home/huiwei/sy/halludata/data/outputs_after_template_disjoint_v2/steering/after_template_disjoint_v2_bucket_vectors.pt,5-25,64,norm,/home/huiwei/sy/halludata/data/outputs_attr_sanity_mme/runs/color/disjoint_v2_attr_alpha0p05
mme_color,color,steered,disjoint_v2_attr,attr,0.1,60,0.85,0.7837837837837838,0.9666666666666667,0.8656716417910447,0.6166666666666667,29,22,8,1,0,0.9666666666666667,0.7333333333333333,0.8666666666666667,0.8787878787878789,0.6,7,1,-0.01666666666666672,-0.013116236996834174,0.01666666666666672,1,0,0,1,1,0,1,0.05416666666666667,0.041666666666666664,0.04791666666666667,/home/huiwei/sy/halludata/data/outputs_after_template_disjoint_v2/steering/after_template_disjoint_v2_bucket_vectors.pt,5-25,64,norm,/home/huiwei/sy/halludata/data/outputs_attr_sanity_mme/runs/color/disjoint_v2_attr_alpha0p1
mme_color,color,steered,disjoint_v2_attr,attr,0.25,60,0.8333333333333334,0.7631578947368421,0.9666666666666667,0.8529411764705883,0.6333333333333333,29,21,9,1,0,0.9666666666666667,0.7,0.8666666666666667,0.8787878787878789,0.6,7,1,-0.033333333333333326,-0.025846702317290582,0.033333333333333326,2,0,0,2,2,0,2,0.175,0.075,0.125,/home/huiwei/sy/halludata/data/outputs_after_template_disjoint_v2/steering/after_template_disjoint_v2_bucket_vectors.pt,5-25,64,norm,/home/huiwei/sy/halludata/data/outputs_attr_sanity_mme/runs/color/disjoint_v2_attr_alpha0p25
mme_color,color,steered,disjoint_v2_attr,attr,0.5,60,0.8333333333333334,0.7631578947368421,0.9666666666666667,0.8529411764705883,0.6333333333333333,29,21,9,1,0,0.9666666666666667,0.7,0.8666666666666667,0.8787878787878789,0.6,7,1,-0.033333333333333326,-0.025846702317290582,0.033333333333333326,2,0,0,2,2,0,2,0.38333333333333336,0.15416666666666667,0.26875,/home/huiwei/sy/halludata/data/outputs_after_template_disjoint_v2/steering/after_template_disjoint_v2_bucket_vectors.pt,5-25,64,norm,/home/huiwei/sy/halludata/data/outputs_attr_sanity_mme/runs/color/disjoint_v2_attr_alpha0p5
mme_color,color,steered,disjoint_v2_attr,attr,0.75,60,0.8333333333333334,0.7631578947368421,0.9666666666666667,0.8529411764705883,0.6333333333333333,29,21,9,1,0,0.9666666666666667,0.7,0.8666666666666667,0.8787878787878789,0.6,7,1,-0.033333333333333326,-0.025846702317290582,0.033333333333333326,2,0,0,2,2,0,2,0.55,0.275,0.4125,/home/huiwei/sy/halludata/data/outputs_after_template_disjoint_v2/steering/after_template_disjoint_v2_bucket_vectors.pt,5-25,64,norm,/home/huiwei/sy/halludata/data/outputs_attr_sanity_mme/runs/color/disjoint_v2_attr_alpha0p75
mme_color,color,steered,disjoint_v2_attr,attr,1.0,60,0.8333333333333334,0.7631578947368421,0.9666666666666667,0.8529411764705883,0.6333333333333333,29,21,9,1,0,0.9666666666666667,0.7,0.8666666666666667,0.8787878787878789,0.6,7,1,-0.033333333333333326,-0.025846702317290582,0.033333333333333326,2,0,0,2,2,0,2,0.6791666666666667,0.43333333333333335,0.55625,/home/huiwei/sy/halludata/data/outputs_after_template_disjoint_v2/steering/after_template_disjoint_v2_bucket_vectors.pt,5-25,64,norm,/home/huiwei/sy/halludata/data/outputs_attr_sanity_mme/runs/color/disjoint_v2_attr_alpha1p0
mme_color,color,steered,global_all,global_all,0.05,60,0.85,0.7837837837837838,0.9666666666666667,0.8656716417910447,0.6166666666666667,29,22,8,1,0,0.9666666666666667,0.7333333333333333,0.8666666666666667,0.8787878787878789,0.6,7,1,-0.01666666666666672,-0.013116236996834174,0.01666666666666672,1,0,0,1,1,0,1,0.020833333333333332,0.0125,0.016666666666666666,/home/huiwei/sy/halludata/data/gqa_typeaware_v1/steering/gqa_global_residual_vectors.pt,5-25,64,norm,/home/huiwei/sy/halludata/data/outputs_attr_sanity_mme/runs/color/global_all_alpha0p05
mme_color,color,steered,global_all,global_all,0.1,60,0.85,0.7837837837837838,0.9666666666666667,0.8656716417910447,0.6166666666666667,29,22,8,1,0,0.9666666666666667,0.7333333333333333,0.8666666666666667,0.8787878787878789,0.6,7,1,-0.01666666666666672,-0.013116236996834174,0.01666666666666672,1,0,0,1,1,0,1,0.04583333333333333,0.025,0.035416666666666666,/home/huiwei/sy/halludata/data/gqa_typeaware_v1/steering/gqa_global_residual_vectors.pt,5-25,64,norm,/home/huiwei/sy/halludata/data/outputs_attr_sanity_mme/runs/color/global_all_alpha0p1
mme_color,color,steered,global_all,global_all,0.25,60,0.85,0.7837837837837838,0.9666666666666667,0.8656716417910447,0.6166666666666667,29,22,8,1,0,0.9666666666666667,0.7333333333333333,0.8666666666666667,0.8787878787878789,0.6,7,1,-0.01666666666666672,-0.013116236996834174,0.01666666666666672,1,0,0,1,1,0,1,0.15833333333333333,0.1,0.12916666666666668,/home/huiwei/sy/halludata/data/gqa_typeaware_v1/steering/gqa_global_residual_vectors.pt,5-25,64,norm,/home/huiwei/sy/halludata/data/outputs_attr_sanity_mme/runs/color/global_all_alpha0p25
mme_color,color,steered,global_all,global_all,0.5,60,0.85,0.7837837837837838,0.9666666666666667,0.8656716417910447,0.6166666666666667,29,22,8,1,0,0.9666666666666667,0.7333333333333333,0.8666666666666667,0.8787878787878789,0.6,7,1,-0.01666666666666672,-0.013116236996834174,0.01666666666666672,1,0,0,1,1,0,1,0.2916666666666667,0.20416666666666666,0.24791666666666667,/home/huiwei/sy/halludata/data/gqa_typeaware_v1/steering/gqa_global_residual_vectors.pt,5-25,64,norm,/home/huiwei/sy/halludata/data/outputs_attr_sanity_mme/runs/color/global_all_alpha0p5
mme_color,color,steered,global_all,global_all,1.0,60,0.8,0.7142857142857143,1.0,0.8333333333333333,0.7,30,18,12,0,0,1.0,0.6,0.8666666666666667,0.8787878787878789,0.6,7,1,-0.06666666666666665,-0.045454545454545636,0.09999999999999998,5,-1,1,5,6,0,6,0.4666666666666667,0.5958333333333333,0.53125,/home/huiwei/sy/halludata/data/gqa_typeaware_v1/steering/gqa_global_residual_vectors.pt,5-25,64,norm,/home/huiwei/sy/halludata/data/outputs_attr_sanity_mme/runs/color/global_all_alpha1p0
mme_color,color,steered,global_all_plus_attr_res,"global_all,attr_res",0.05,60,0.85,0.7837837837837838,0.9666666666666667,0.8656716417910447,0.6166666666666667,29,22,8,1,0,0.9666666666666667,0.7333333333333333,0.8666666666666667,0.8787878787878789,0.6,7,1,-0.01666666666666672,-0.013116236996834174,0.01666666666666672,1,0,0,1,1,0,1,0.029166666666666667,0.008333333333333333,0.01875,/home/huiwei/sy/halludata/data/gqa_typeaware_v1/steering/gqa_global_residual_vectors.pt,5-25,64,norm,/home/huiwei/sy/halludata/data/outputs_attr_sanity_mme/runs/color/global_all_plus_attr_res_alpha0p05
mme_color,color,steered,global_all_plus_attr_res,"global_all,attr_res",0.1,60,0.85,0.7837837837837838,0.9666666666666667,0.8656716417910447,0.6166666666666667,29,22,8,1,0,0.9666666666666667,0.7333333333333333,0.8666666666666667,0.8787878787878789,0.6,7,1,-0.01666666666666672,-0.013116236996834174,0.01666666666666672,1,0,0,1,1,0,1,0.075,0.016666666666666666,0.04583333333333333,/home/huiwei/sy/halludata/data/gqa_typeaware_v1/steering/gqa_global_residual_vectors.pt,5-25,64,norm,/home/huiwei/sy/halludata/data/outputs_attr_sanity_mme/runs/color/global_all_plus_attr_res_alpha0p1
mme_color,color,steered,global_all_plus_attr_res,"global_all,attr_res",0.25,60,0.8333333333333334,0.7631578947368421,0.9666666666666667,0.8529411764705883,0.6333333333333333,29,21,9,1,0,0.9666666666666667,0.7,0.8666666666666667,0.8787878787878789,0.6,7,1,-0.033333333333333326,-0.025846702317290582,0.033333333333333326,2,0,0,2,2,0,2,0.24583333333333332,0.0625,0.15416666666666667,/home/huiwei/sy/halludata/data/gqa_typeaware_v1/steering/gqa_global_residual_vectors.pt,5-25,64,norm,/home/huiwei/sy/halludata/data/outputs_attr_sanity_mme/runs/color/global_all_plus_attr_res_alpha0p25
mme_color,color,steered,global_all_plus_attr_res,"global_all,attr_res",0.5,60,0.85,0.7837837837837838,0.9666666666666667,0.8656716417910447,0.6166666666666667,29,22,8,1,0,0.9666666666666667,0.7333333333333333,0.8666666666666667,0.8787878787878789,0.6,7,1,-0.01666666666666672,-0.013116236996834174,0.01666666666666672,1,0,0,1,1,0,1,0.45,0.17083333333333334,0.3104166666666667,/home/huiwei/sy/halludata/data/gqa_typeaware_v1/steering/gqa_global_residual_vectors.pt,5-25,64,norm,/home/huiwei/sy/halludata/data/outputs_attr_sanity_mme/runs/color/global_all_plus_attr_res_alpha0p5
mme_count,count,baseline,,"cat,attr,rel",,60,0.7166666666666667,0.8421052631578947,0.5333333333333333,0.653061224489796,0.31666666666666665,16,27,3,14,0,0.5333333333333333,0.9,0.7166666666666667,0.653061224489796,0.31666666666666665,3,14,0.0,0.0,0.0,0,0,0,0,0,0,0,0.0,0.0,0.0,,5-25,64,norm,/home/huiwei/sy/halludata/data/outputs_attr_sanity_mme/runs/count/baseline
mme_count,count,steered,attr,attr,0.025,60,0.7333333333333333,0.85,0.5666666666666667,0.68,0.3333333333333333,17,27,3,13,0,0.5666666666666667,0.9,0.7166666666666667,0.653061224489796,0.31666666666666665,3,14,0.016666666666666607,0.02693877551020407,0.016666666666666663,0,-1,1,0,1,0,1,0.008333333333333333,0.020833333333333332,0.014583333333333334,/home/huiwei/sy/halludata/data/gqa_typeaware_v1/steering/gqa_global_residual_vectors.pt,5-25,64,norm,/home/huiwei/sy/halludata/data/outputs_attr_sanity_mme/runs/count/attr_alpha0p025
mme_count,count,steered,attr,attr,0.05,60,0.75,0.8571428571428571,0.6,0.7058823529411764,0.35,18,27,3,12,0,0.6,0.9,0.7166666666666667,0.653061224489796,0.31666666666666665,3,14,0.033333333333333326,0.05282112845138043,0.033333333333333326,0,-2,2,0,2,0,2,0.020833333333333332,0.0125,0.016666666666666666,/home/huiwei/sy/halludata/data/gqa_typeaware_v1/steering/gqa_global_residual_vectors.pt,5-25,64,norm,/home/huiwei/sy/halludata/data/outputs_attr_sanity_mme/runs/count/attr_alpha0p05
mme_count,count,steered,attr,attr,0.1,60,0.75,0.8571428571428571,0.6,0.7058823529411764,0.35,18,27,3,12,0,0.6,0.9,0.7166666666666667,0.653061224489796,0.31666666666666665,3,14,0.033333333333333326,0.05282112845138043,0.033333333333333326,0,-2,2,0,2,0,2,0.058333333333333334,0.05416666666666667,0.05625,/home/huiwei/sy/halludata/data/gqa_typeaware_v1/steering/gqa_global_residual_vectors.pt,5-25,64,norm,/home/huiwei/sy/halludata/data/outputs_attr_sanity_mme/runs/count/attr_alpha0p1
mme_count,count,steered,attr,attr,0.25,60,0.8,0.875,0.7,0.7777777777777777,0.4,21,27,3,9,0,0.7,0.9,0.7166666666666667,0.653061224489796,0.31666666666666665,3,14,0.08333333333333337,0.1247165532879817,0.08333333333333337,0,-5,5,0,5,0,5,0.20416666666666666,0.14166666666666666,0.17291666666666666,/home/huiwei/sy/halludata/data/gqa_typeaware_v1/steering/gqa_global_residual_vectors.pt,5-25,64,norm,/home/huiwei/sy/halludata/data/outputs_attr_sanity_mme/runs/count/attr_alpha0p25
mme_count,count,steered,attr,attr,0.5,60,0.8333333333333334,0.8846153846153846,0.7666666666666667,0.8214285714285715,0.43333333333333335,23,27,3,7,0,0.7666666666666667,0.9,0.7166666666666667,0.653061224489796,0.31666666666666665,3,14,0.1166666666666667,0.16836734693877553,0.1166666666666667,0,-7,7,0,7,0,7,0.44166666666666665,0.2916666666666667,0.36666666666666664,/home/huiwei/sy/halludata/data/gqa_typeaware_v1/steering/gqa_global_residual_vectors.pt,5-25,64,norm,/home/huiwei/sy/halludata/data/outputs_attr_sanity_mme/runs/count/attr_alpha0p5
mme_count,count,steered,attr,attr,0.75,60,0.8166666666666667,0.8275862068965517,0.8,0.8135593220338982,0.48333333333333334,24,25,5,6,0,0.8,0.8333333333333334,0.7166666666666667,0.653061224489796,0.31666666666666665,3,14,0.09999999999999998,0.16049809754410227,0.16666666666666669,2,-8,8,2,10,0,10,0.6333333333333333,0.4666666666666667,0.55,/home/huiwei/sy/halludata/data/gqa_typeaware_v1/steering/gqa_global_residual_vectors.pt,5-25,64,norm,/home/huiwei/sy/halludata/data/outputs_attr_sanity_mme/runs/count/attr_alpha0p75
mme_count,count,steered,attr,attr,1.0,60,0.7833333333333333,0.7297297297297297,0.9,0.8059701492537312,0.6166666666666667,27,20,10,3,0,0.9,0.6666666666666666,0.7166666666666667,0.653061224489796,0.31666666666666665,3,14,0.06666666666666665,0.15290892476393525,0.30000000000000004,7,-11,11,7,18,0,18,0.8583333333333333,0.7083333333333334,0.7833333333333333,/home/huiwei/sy/halludata/data/gqa_typeaware_v1/steering/gqa_global_residual_vectors.pt,5-25,64,norm,/home/huiwei/sy/halludata/data/outputs_attr_sanity_mme/runs/count/attr_alpha1p0
mme_count,count,steered,attr_res,attr_res,0.025,60,0.7333333333333333,0.85,0.5666666666666667,0.68,0.3333333333333333,17,27,3,13,0,0.5666666666666667,0.9,0.7166666666666667,0.653061224489796,0.31666666666666665,3,14,0.016666666666666607,0.02693877551020407,0.016666666666666663,0,-1,1,0,1,0,1,0.0,0.004166666666666667,0.0020833333333333333,/home/huiwei/sy/halludata/data/gqa_typeaware_v1/steering/gqa_global_residual_vectors.pt,5-25,64,norm,/home/huiwei/sy/halludata/data/outputs_attr_sanity_mme/runs/count/attr_res_alpha0p025
mme_count,count,steered,attr_res,attr_res,0.05,60,0.75,0.8571428571428571,0.6,0.7058823529411764,0.35,18,27,3,12,0,0.6,0.9,0.7166666666666667,0.653061224489796,0.31666666666666665,3,14,0.033333333333333326,0.05282112845138043,0.033333333333333326,0,-2,2,0,2,0,2,-0.0125,-0.0125,-0.0125,/home/huiwei/sy/halludata/data/gqa_typeaware_v1/steering/gqa_global_residual_vectors.pt,5-25,64,norm,/home/huiwei/sy/halludata/data/outputs_attr_sanity_mme/runs/count/attr_res_alpha0p05
mme_count,count,steered,attr_res,attr_res,0.1,60,0.7333333333333333,0.85,0.5666666666666667,0.68,0.3333333333333333,17,27,3,13,0,0.5666666666666667,0.9,0.7166666666666667,0.653061224489796,0.31666666666666665,3,14,0.016666666666666607,0.02693877551020407,0.016666666666666663,0,-1,1,0,1,0,1,-0.004166666666666667,0.004166666666666667,0.0,/home/huiwei/sy/halludata/data/gqa_typeaware_v1/steering/gqa_global_residual_vectors.pt,5-25,64,norm,/home/huiwei/sy/halludata/data/outputs_attr_sanity_mme/runs/count/attr_res_alpha0p1
mme_count,count,steered,attr_res,attr_res,0.25,60,0.7333333333333333,0.85,0.5666666666666667,0.68,0.3333333333333333,17,27,3,13,0,0.5666666666666667,0.9,0.7166666666666667,0.653061224489796,0.31666666666666665,3,14,0.016666666666666607,0.02693877551020407,0.016666666666666663,0,-1,1,0,1,0,1,0.004166666666666667,-0.0125,-0.004166666666666667,/home/huiwei/sy/halludata/data/gqa_typeaware_v1/steering/gqa_global_residual_vectors.pt,5-25,64,norm,/home/huiwei/sy/halludata/data/outputs_attr_sanity_mme/runs/count/attr_res_alpha0p25
mme_count,count,steered,attr_res,attr_res,0.5,60,0.75,0.8571428571428571,0.6,0.7058823529411764,0.35,18,27,3,12,0,0.6,0.9,0.7166666666666667,0.653061224489796,0.31666666666666665,3,14,0.033333333333333326,0.05282112845138043,0.033333333333333326,0,-2,2,0,2,0,2,0.0375,-0.05,-0.00625,/home/huiwei/sy/halludata/data/gqa_typeaware_v1/steering/gqa_global_residual_vectors.pt,5-25,64,norm,/home/huiwei/sy/halludata/data/outputs_attr_sanity_mme/runs/count/attr_res_alpha0p5
mme_count,count,steered,attr_res,attr_res,0.75,60,0.7666666666666667,0.8636363636363636,0.6333333333333333,0.7307692307692307,0.36666666666666664,19,27,3,11,0,0.6333333333333333,0.9,0.7166666666666667,0.653061224489796,0.31666666666666665,3,14,0.050000000000000044,0.07770800627943475,0.04999999999999999,0,-3,3,0,3,0,3,0.05,-0.07083333333333333,-0.010416666666666666,/home/huiwei/sy/halludata/data/gqa_typeaware_v1/steering/gqa_global_residual_vectors.pt,5-25,64,norm,/home/huiwei/sy/halludata/data/outputs_attr_sanity_mme/runs/count/attr_res_alpha0p75
mme_count,count,steered,attr_res,attr_res,1.0,60,0.75,0.8571428571428571,0.6,0.7058823529411764,0.35,18,27,3,12,0,0.6,0.9,0.7166666666666667,0.653061224489796,0.31666666666666665,3,14,0.033333333333333326,0.05282112845138043,0.033333333333333326,0,-2,2,0,2,0,2,0.07916666666666666,-0.07916666666666666,0.0,/home/huiwei/sy/halludata/data/gqa_typeaware_v1/steering/gqa_global_residual_vectors.pt,5-25,64,norm,/home/huiwei/sy/halludata/data/outputs_attr_sanity_mme/runs/count/attr_res_alpha1p0
mme_count,count,steered,disjoint_v2_attr,attr,0.025,60,0.75,0.8571428571428571,0.6,0.7058823529411764,0.35,18,27,3,12,0,0.6,0.9,0.7166666666666667,0.653061224489796,0.31666666666666665,3,14,0.033333333333333326,0.05282112845138043,0.033333333333333326,0,-2,2,0,2,0,2,0.004166666666666667,0.020833333333333332,0.0125,/home/huiwei/sy/halludata/data/outputs_after_template_disjoint_v2/steering/after_template_disjoint_v2_bucket_vectors.pt,5-25,64,norm,/home/huiwei/sy/halludata/data/outputs_attr_sanity_mme/runs/count/disjoint_v2_attr_alpha0p025
mme_count,count,steered,disjoint_v2_attr,attr,0.05,60,0.7333333333333333,0.85,0.5666666666666667,0.68,0.3333333333333333,17,27,3,13,0,0.5666666666666667,0.9,0.7166666666666667,0.653061224489796,0.31666666666666665,3,14,0.016666666666666607,0.02693877551020407,0.016666666666666663,0,-1,1,0,1,0,1,0.0,0.03333333333333333,0.016666666666666666,/home/huiwei/sy/halludata/data/outputs_after_template_disjoint_v2/steering/after_template_disjoint_v2_bucket_vectors.pt,5-25,64,norm,/home/huiwei/sy/halludata/data/outputs_attr_sanity_mme/runs/count/disjoint_v2_attr_alpha0p05
mme_count,count,steered,disjoint_v2_attr,attr,0.1,60,0.75,0.8571428571428571,0.6,0.7058823529411764,0.35,18,27,3,12,0,0.6,0.9,0.7166666666666667,0.653061224489796,0.31666666666666665,3,14,0.033333333333333326,0.05282112845138043,0.033333333333333326,0,-2,2,0,2,0,2,0.0375,0.029166666666666667,0.03333333333333333,/home/huiwei/sy/halludata/data/outputs_after_template_disjoint_v2/steering/after_template_disjoint_v2_bucket_vectors.pt,5-25,64,norm,/home/huiwei/sy/halludata/data/outputs_attr_sanity_mme/runs/count/disjoint_v2_attr_alpha0p1
mme_count,count,steered,disjoint_v2_attr,attr,0.25,60,0.7833333333333333,0.8695652173913043,0.6666666666666666,0.7547169811320754,0.38333333333333336,20,27,3,10,0,0.6666666666666666,0.9,0.7166666666666667,0.653061224489796,0.31666666666666665,3,14,0.06666666666666665,0.10165575664227944,0.06666666666666671,0,-4,4,0,4,0,4,0.1,0.0625,0.08125,/home/huiwei/sy/halludata/data/outputs_after_template_disjoint_v2/steering/after_template_disjoint_v2_bucket_vectors.pt,5-25,64,norm,/home/huiwei/sy/halludata/data/outputs_attr_sanity_mme/runs/count/disjoint_v2_attr_alpha0p25
mme_count,count,steered,disjoint_v2_attr,attr,0.5,60,0.8166666666666667,0.88,0.7333333333333333,0.8,0.4166666666666667,22,27,3,8,0,0.7333333333333333,0.9,0.7166666666666667,0.653061224489796,0.31666666666666665,3,14,0.09999999999999998,0.14693877551020407,0.10000000000000003,0,-6,6,0,6,0,6,0.275,0.15833333333333333,0.21666666666666667,/home/huiwei/sy/halludata/data/outputs_after_template_disjoint_v2/steering/after_template_disjoint_v2_bucket_vectors.pt,5-25,64,norm,/home/huiwei/sy/halludata/data/outputs_attr_sanity_mme/runs/count/disjoint_v2_attr_alpha0p5
mme_count,count,steered,disjoint_v2_attr,attr,0.75,60,0.8166666666666667,0.8275862068965517,0.8,0.8135593220338982,0.48333333333333334,24,25,5,6,0,0.8,0.8333333333333334,0.7166666666666667,0.653061224489796,0.31666666666666665,3,14,0.09999999999999998,0.16049809754410227,0.16666666666666669,2,-8,8,2,10,0,10,0.4166666666666667,0.325,0.37083333333333335,/home/huiwei/sy/halludata/data/outputs_after_template_disjoint_v2/steering/after_template_disjoint_v2_bucket_vectors.pt,5-25,64,norm,/home/huiwei/sy/halludata/data/outputs_attr_sanity_mme/runs/count/disjoint_v2_attr_alpha0p75
mme_count,count,steered,disjoint_v2_attr,attr,1.0,60,0.8,0.7647058823529411,0.8666666666666667,0.8125,0.5666666666666667,26,22,8,4,0,0.8666666666666667,0.7333333333333333,0.7166666666666667,0.653061224489796,0.31666666666666665,3,14,0.08333333333333337,0.15943877551020402,0.25,5,-10,10,5,15,0,15,0.5916666666666667,0.49166666666666664,0.5416666666666666,/home/huiwei/sy/halludata/data/outputs_after_template_disjoint_v2/steering/after_template_disjoint_v2_bucket_vectors.pt,5-25,64,norm,/home/huiwei/sy/halludata/data/outputs_attr_sanity_mme/runs/count/disjoint_v2_attr_alpha1p0
mme_count,count,steered,global_all,global_all,0.05,60,0.7333333333333333,0.85,0.5666666666666667,0.68,0.3333333333333333,17,27,3,13,0,0.5666666666666667,0.9,0.7166666666666667,0.653061224489796,0.31666666666666665,3,14,0.016666666666666607,0.02693877551020407,0.016666666666666663,0,-1,1,0,1,0,1,0.016666666666666666,0.008333333333333333,0.0125,/home/huiwei/sy/halludata/data/gqa_typeaware_v1/steering/gqa_global_residual_vectors.pt,5-25,64,norm,/home/huiwei/sy/halludata/data/outputs_attr_sanity_mme/runs/count/global_all_alpha0p05
mme_count,count,steered,global_all,global_all,0.1,60,0.75,0.8571428571428571,0.6,0.7058823529411764,0.35,18,27,3,12,0,0.6,0.9,0.7166666666666667,0.653061224489796,0.31666666666666665,3,14,0.033333333333333326,0.05282112845138043,0.033333333333333326,0,-2,2,0,2,0,2,0.03333333333333333,0.075,0.05416666666666667,/home/huiwei/sy/halludata/data/gqa_typeaware_v1/steering/gqa_global_residual_vectors.pt,5-25,64,norm,/home/huiwei/sy/halludata/data/outputs_attr_sanity_mme/runs/count/global_all_alpha0p1
mme_count,count,steered,global_all,global_all,0.25,60,0.7833333333333333,0.8695652173913043,0.6666666666666666,0.7547169811320754,0.38333333333333336,20,27,3,10,0,0.6666666666666666,0.9,0.7166666666666667,0.653061224489796,0.31666666666666665,3,14,0.06666666666666665,0.10165575664227944,0.06666666666666671,0,-4,4,0,4,0,4,0.15416666666666667,0.1375,0.14583333333333334,/home/huiwei/sy/halludata/data/gqa_typeaware_v1/steering/gqa_global_residual_vectors.pt,5-25,64,norm,/home/huiwei/sy/halludata/data/outputs_attr_sanity_mme/runs/count/global_all_alpha0p25
mme_count,count,steered,global_all,global_all,0.5,60,0.8,0.8214285714285714,0.7666666666666667,0.793103448275862,0.4666666666666667,23,25,5,7,0,0.7666666666666667,0.8333333333333334,0.7166666666666667,0.653061224489796,0.31666666666666665,3,14,0.08333333333333337,0.140042223786066,0.15000000000000002,2,-7,7,2,9,0,9,0.30416666666666664,0.29583333333333334,0.3,/home/huiwei/sy/halludata/data/gqa_typeaware_v1/steering/gqa_global_residual_vectors.pt,5-25,64,norm,/home/huiwei/sy/halludata/data/outputs_attr_sanity_mme/runs/count/global_all_alpha0p5
mme_count,count,steered,global_all,global_all,1.0,60,0.8,0.75,0.9,0.8181818181818182,0.6,27,21,9,3,0,0.9,0.7,0.7166666666666667,0.653061224489796,0.31666666666666665,3,14,0.08333333333333337,0.16512059369202226,0.2833333333333333,6,-11,11,6,17,0,17,0.6458333333333334,0.7041666666666667,0.675,/home/huiwei/sy/halludata/data/gqa_typeaware_v1/steering/gqa_global_residual_vectors.pt,5-25,64,norm,/home/huiwei/sy/halludata/data/outputs_attr_sanity_mme/runs/count/global_all_alpha1p0
mme_count,count,steered,global_all_plus_attr_res,"global_all,attr_res",0.05,60,0.75,0.8571428571428571,0.6,0.7058823529411764,0.35,18,27,3,12,0,0.6,0.9,0.7166666666666667,0.653061224489796,0.31666666666666665,3,14,0.033333333333333326,0.05282112845138043,0.033333333333333326,0,-2,2,0,2,0,2,0.025,0.041666666666666664,0.03333333333333333,/home/huiwei/sy/halludata/data/gqa_typeaware_v1/steering/gqa_global_residual_vectors.pt,5-25,64,norm,/home/huiwei/sy/halludata/data/outputs_attr_sanity_mme/runs/count/global_all_plus_attr_res_alpha0p05
mme_count,count,steered,global_all_plus_attr_res,"global_all,attr_res",0.1,60,0.75,0.8571428571428571,0.6,0.7058823529411764,0.35,18,27,3,12,0,0.6,0.9,0.7166666666666667,0.653061224489796,0.31666666666666665,3,14,0.033333333333333326,0.05282112845138043,0.033333333333333326,0,-2,2,0,2,0,2,0.05,0.04583333333333333,0.04791666666666667,/home/huiwei/sy/halludata/data/gqa_typeaware_v1/steering/gqa_global_residual_vectors.pt,5-25,64,norm,/home/huiwei/sy/halludata/data/outputs_attr_sanity_mme/runs/count/global_all_plus_attr_res_alpha0p1
mme_count,count,steered,global_all_plus_attr_res,"global_all,attr_res",0.25,60,0.8,0.875,0.7,0.7777777777777777,0.4,21,27,3,9,0,0.7,0.9,0.7166666666666667,0.653061224489796,0.31666666666666665,3,14,0.08333333333333337,0.1247165532879817,0.08333333333333337,0,-5,5,0,5,0,5,0.19583333333333333,0.125,0.16041666666666668,/home/huiwei/sy/halludata/data/gqa_typeaware_v1/steering/gqa_global_residual_vectors.pt,5-25,64,norm,/home/huiwei/sy/halludata/data/outputs_attr_sanity_mme/runs/count/global_all_plus_attr_res_alpha0p25
mme_count,count,steered,global_all_plus_attr_res,"global_all,attr_res",0.5,60,0.8333333333333334,0.8846153846153846,0.7666666666666667,0.8214285714285715,0.43333333333333335,23,27,3,7,0,0.7666666666666667,0.9,0.7166666666666667,0.653061224489796,0.31666666666666665,3,14,0.1166666666666667,0.16836734693877553,0.1166666666666667,0,-7,7,0,7,0,7,0.4166666666666667,0.2875,0.35208333333333336,/home/huiwei/sy/halludata/data/gqa_typeaware_v1/steering/gqa_global_residual_vectors.pt,5-25,64,norm,/home/huiwei/sy/halludata/data/outputs_attr_sanity_mme/runs/count/global_all_plus_attr_res_alpha0p5
