family,strategy,top_k,triple_intersection,triple_union,triple_jaccard,cat_attr_jaccard,cat_rel_jaccard,attr_rel_jaccard,cat_attr_restricted_cos,cat_rel_restricted_cos,attr_rel_restricted_cos
contrast_l0p25,ratio,16,0,48,0.0,0.0,0.0,0.0,0.5062999021809177,0.21855073529935237,0.2534825657257415
contrast_l0p5,ratio,16,0,48,0.0,0.0,0.0,0.0,0.2934236648357828,-0.0013533454429000818,0.11472789571195785
contrast_l0p75,hybrid,16,0,45,0.0,0.10344827586206896,0.0,0.0,-0.35976758168615547,-0.5813269211744756,-0.5170345653824706
contrast_l0p75,ratio,16,0,48,0.0,0.0,0.0,0.0,0.015322788858521836,-0.34036474639175174,-0.2733214826088231
contrast_l1,hybrid,16,0,48,0.0,0.0,0.0,0.0,-0.6241230069296269,-0.7896281287121473,-0.7316919375761567
contrast_l1,ratio,16,0,48,0.0,0.0,0.0,0.0,-0.6467034554923616,-0.8505505328486078,-0.7556877621060196
global_residual,hybrid,16,0,48,0.0,0.0,0.0,0.0,-0.6296214821507694,-0.7744379819538526,-0.7388678815516954
global_residual,ratio,16,0,48,0.0,0.0,0.0,0.0,-0.6682563575867063,-0.8440946995227545,-0.7514860094569082
headnorm_contrast_l0p25,ratio,16,0,48,0.0,0.0,0.0,0.0,0.3922224432133936,0.1271334607909165,0.15734963843811317
headnorm_contrast_l0p5,hybrid,16,0,44,0.0,0.14285714285714285,0.0,0.0,-0.0967755168617662,-0.3013102091501176,-0.28092300045960306
headnorm_contrast_l0p5,ratio,16,0,48,0.0,0.0,0.0,0.0,0.026824030817978198,-0.2835025837104153,-0.2568092602142506
headnorm_contrast_l0p75,hybrid,16,0,46,0.0,0.06666666666666667,0.0,0.0,-0.4645912328944646,-0.5939447172685502,-0.6105765149352946
headnorm_contrast_l0p75,ratio,16,0,48,0.0,0.0,0.0,0.0,-0.37203796898740027,-0.6488933737905316,-0.5909997657942871
headnorm_contrast_l0p75,specificity_cos,16,0,45,0.0,0.10344827586206896,0.0,0.0,-0.4299361335318549,-0.6281747883795482,-0.5957889201658257
headnorm_contrast_l1,hybrid,16,0,48,0.0,0.0,0.0,0.0,-0.6361976315437808,-0.7474373118332465,-0.7279977695578058
headnorm_contrast_l1,ratio,16,0,48,0.0,0.0,0.0,0.0,-0.600124147987586,-0.8522171578041265,-0.732313549805144
headnorm_contrast_l1,specificity_cos,16,0,45,0.0,0.10344827586206896,0.0,0.0,-0.5568145124575675,-0.7189123531001865,-0.679449184338293
pca_remove1,hybrid,16,0,48,0.0,0.0,0.0,0.0,-0.6259590443651167,-0.769583945054331,-0.6961907480109245
pca_remove1,ratio,16,0,48,0.0,0.0,0.0,0.0,-0.6904450340385603,-0.839367336697564,-0.7385926422334677
pca_remove2,ratio,16,0,42,0.0,0.18518518518518517,0.03225806451612903,0.0,-0.9999999112647454,0.9999981240209734,-0.9999971428253641
pca_remove3,ratio,16,0,48,0.0,0.0,0.0,0.0,0.06315737292355902,0.014759735670519697,0.047867863218248645
pca_remove5,ratio,16,0,48,0.0,0.0,0.0,0.0,0.06315737292355902,0.014759735670519697,0.047867863218248645
raw,ratio,16,0,48,0.0,0.0,0.0,0.0,0.7227491404748964,0.5038607585511979,0.5388420246623239
headnorm_contrast_l0p5,specificity_cos,16,1,42,0.023809523809523808,0.18518518518518517,0.03225806451612903,0.03225806451612903,-0.09472014328468598,-0.3203180839677977,-0.2836091129312274
headnorm_contrast_l0p25,contrast_norm,16,1,41,0.024390243902439025,0.14285714285714285,0.06666666666666667,0.06666666666666667,0.3357769636666983,-0.02396609475572348,0.09547481480194916
headnorm_contrast_l0p5,contrast_norm,16,1,41,0.024390243902439025,0.14285714285714285,0.06666666666666667,0.06666666666666667,-0.0010921227213789803,-0.40934618679288587,-0.28962587422850344
headnorm_contrast_l0p75,contrast_norm,16,1,41,0.024390243902439025,0.14285714285714285,0.06666666666666667,0.06666666666666667,-0.3003087458084545,-0.6742711797377926,-0.5796946263804449
headnorm_contrast_l0p75,norm,16,1,41,0.024390243902439025,0.14285714285714285,0.06666666666666667,0.06666666666666667,-0.3003087458084545,-0.6742711797377926,-0.5796946263804449
headnorm_contrast_l1,contrast_norm,16,1,41,0.024390243902439025,0.14285714285714285,0.06666666666666667,0.06666666666666667,-0.41956182505982775,-0.7320074579926722,-0.6593654197135331
headnorm_contrast_l1,norm,16,1,41,0.024390243902439025,0.14285714285714285,0.06666666666666667,0.06666666666666667,-0.41956182505982775,-0.7320074579926722,-0.6593654197135331
pca_remove2,specificity_cos,16,1,31,0.03225806451612903,0.03225806451612903,1.0,0.03225806451612903,-0.9999999175667212,0.9999949792076437,-0.9999983032565355
pca_remove3,hybrid,16,2,39,0.05128205128205128,0.10344827586206896,0.06666666666666667,0.23076923076923078,-0.16210512269589517,-0.2758794418192294,-0.030978146585303817
pca_remove5,hybrid,16,2,39,0.05128205128205128,0.10344827586206896,0.06666666666666667,0.23076923076923078,-0.16210512269589517,-0.2758794418192294,-0.030978146585303817
contrast_l0p5,hybrid,16,2,36,0.05555555555555555,0.3333333333333333,0.14285714285714285,0.06666666666666667,0.05093544610957334,-0.24477925192233918,-0.1474950963607503
headnorm_contrast_l0p25,hybrid,16,3,37,0.08108108108108109,0.3333333333333333,0.10344827586206896,0.10344827586206896,0.2846654712902663,0.07280749401428903,0.08760774681223461
headnorm_contrast_l0p25,specificity_cos,16,3,37,0.08108108108108109,0.28,0.10344827586206896,0.14285714285714285,0.2936557752993436,0.06438361693546771,0.08172391559487359
headnorm_contrast_l0p5,norm,16,4,36,0.1111111111111111,0.28,0.18518518518518517,0.14285714285714285,0.02398888944739231,-0.4063402832865208,-0.3014866442861446
raw,hybrid,16,4,33,0.12121212121212122,0.45454545454545453,0.18518518518518517,0.14285714285714285,0.6953846413875119,0.4627992864251351,0.5678371648860703
contrast_l0p25,hybrid,16,4,32,0.125,0.45454545454545453,0.18518518518518517,0.18518518518518517,0.4524360488676157,0.14266719445153964,0.2637042067040126
global_residual,specificity_cos,16,5,30,0.16666666666666666,0.45454545454545453,0.28,0.23076923076923078,-0.35449927686601224,-0.7538605627642514,-0.5184545691317758
pca_remove1,specificity_cos,16,5,29,0.1724137931034483,0.45454545454545453,0.3333333333333333,0.23076923076923078,-0.36471855281523197,-0.7474698150518999,-0.4958522051904523
headnorm_contrast_l0p25,norm,16,6,32,0.1875,0.3333333333333333,0.3333333333333333,0.23076923076923078,0.35310961152467996,-0.0320317850019108,0.06298646099492788
contrast_l0p75,specificity_cos,16,6,29,0.20689655172413793,0.45454545454545453,0.391304347826087,0.23076923076923078,-0.12087944474719703,-0.6010168321421742,-0.32913142326719036
contrast_l1,specificity_cos,16,6,29,0.20689655172413793,0.45454545454545453,0.3333333333333333,0.28,-0.34725651308332794,-0.7513863778605989,-0.5220942660153441
contrast_l0p25,specificity_cos,16,6,27,0.2222222222222222,0.6,0.28,0.3333333333333333,0.5578339503485784,0.2178294902106407,0.4100378049002077
contrast_l0p75,norm,16,6,26,0.23076923076923078,0.45454545454545453,0.391304347826087,0.391304347826087,-0.02665442622124959,-0.6033124675200063,-0.3002698515910669
pca_remove3,specificity_cos,16,7,29,0.2413793103448276,0.45454545454545453,0.28,0.391304347826087,-0.050146128369455104,-0.12278791911171222,0.5804953801089651
pca_remove5,specificity_cos,16,7,29,0.2413793103448276,0.45454545454545453,0.28,0.391304347826087,-0.050146128369455104,-0.12278791911171222,0.5804953801089651
contrast_l0p5,specificity_cos,16,7,27,0.25925925925925924,0.45454545454545453,0.45454545454545453,0.3333333333333333,0.25010476481963206,-0.21387047310627166,0.0524807727148109
pca_remove3,norm,16,7,27,0.25925925925925924,0.3333333333333333,0.45454545454545453,0.45454545454545453,0.07285509140944645,0.00474010411369432,0.6227841866576742
pca_remove5,norm,16,7,27,0.25925925925925924,0.3333333333333333,0.45454545454545453,0.45454545454545453,0.07285509140944645,0.00474010411369432,0.6227841866576742
raw,specificity_cos,16,7,26,0.2692307692307692,0.6842105263157895,0.3333333333333333,0.3333333333333333,0.7484042528595671,0.542077588279149,0.6727282205147698
contrast_l0p5,norm,16,8,26,0.3076923076923077,0.45454545454545453,0.45454545454545453,0.45454545454545453,0.47947371139204725,0.023819220053825255,0.21459001089516838
contrast_l0p25,norm,16,8,24,0.3333333333333333,0.6,0.45454545454545453,0.45454545454545453,0.7616899250245712,0.5190967618444842,0.6468409428802488
pca_remove3,contrast_norm,16,9,23,0.391304347826087,0.6,0.6,0.45454545454545453,-0.022761901897687863,-0.1093307791153261,0.5976167771858506
pca_remove5,contrast_norm,16,9,23,0.391304347826087,0.6,0.6,0.45454545454545453,-0.022761901897687863,-0.1093307791153261,0.5976167771858506
global_residual,contrast_norm,16,9,22,0.4090909090909091,0.6,0.6842105263157895,0.45454545454545453,-0.2717947748530514,-0.7474460103689698,-0.48347758407996233
global_residual,norm,16,9,22,0.4090909090909091,0.6,0.6842105263157895,0.45454545454545453,-0.2717947748530514,-0.7474460103689698,-0.48347758407996233
pca_remove1,contrast_norm,16,9,22,0.4090909090909091,0.6,0.6842105263157895,0.45454545454545453,-0.32256855044554145,-0.742073091709498,-0.4510860364044128
pca_remove1,norm,16,9,22,0.4090909090909091,0.6,0.6842105263157895,0.45454545454545453,-0.32256855044554145,-0.742073091709498,-0.4510860364044128
raw,norm,16,9,22,0.4090909090909091,0.6,0.45454545454545453,0.6842105263157895,0.8985561641479012,0.7725017819603184,0.8409329770704146
contrast_l0p25,contrast_norm,16,10,23,0.43478260869565216,0.6,0.6,0.5238095238095238,0.5969669117224706,0.2789453783538692,0.4663579712822946
contrast_l0p5,contrast_norm,16,10,23,0.43478260869565216,0.6,0.6,0.5238095238095238,0.3038375330500098,-0.1771599345423537,0.09078676452531177
contrast_l0p75,contrast_norm,16,10,23,0.43478260869565216,0.6,0.6,0.5238095238095238,-0.060885910704685756,-0.6137797644112586,-0.3231618609657165
contrast_l1,contrast_norm,16,10,23,0.43478260869565216,0.6,0.6,0.5238095238095238,-0.2793979681195156,-0.7519592897796122,-0.5011409557711959
contrast_l1,norm,16,10,23,0.43478260869565216,0.6,0.6,0.5238095238095238,-0.2793979681195156,-0.7519592897796122,-0.5011409557711959
raw,contrast_norm,16,10,23,0.43478260869565216,0.6,0.6,0.5238095238095238,0.7763886682681799,0.5932082165792946,0.706212567782999
pca_remove2,contrast_norm,16,15,17,0.8823529411764706,1.0,0.8823529411764706,0.8823529411764706,-0.9999998013026006,0.9999997180296892,-0.9999995098495041
pca_remove2,norm,16,15,17,0.8823529411764706,1.0,0.8823529411764706,0.8823529411764706,-0.9999998013026006,0.9999997180296892,-0.9999995098495041
contrast_l0p25,random,16,16,16,1.0,1.0,1.0,1.0,0.8644519991379778,0.7204319333945096,0.7187637489693198
contrast_l0p25,shared,16,16,16,1.0,1.0,1.0,1.0,0.7762705009120415,0.5332420415772139,0.6690143338336604
contrast_l0p5,random,16,16,16,1.0,1.0,1.0,1.0,0.7021562401216468,0.39132899389590114,0.3716315090412051
contrast_l0p5,shared,16,16,16,1.0,1.0,1.0,1.0,0.4425737550846091,-0.06908079995667403,0.19246591358178147
contrast_l0p75,random,16,16,16,1.0,1.0,1.0,1.0,0.3173904039760418,-0.2361973674041355,-0.28796219315974125
contrast_l0p75,shared,16,16,16,1.0,1.0,1.0,1.0,-0.042631824997724777,-0.6007797797071389,-0.2800968556478412
contrast_l1,random,16,16,16,1.0,1.0,1.0,1.0,-0.1727891032818935,-0.684518748705061,-0.5997529163224726
contrast_l1,shared,16,16,16,1.0,1.0,1.0,1.0,-0.2618690517529814,-0.7354947804240287,-0.4612835254179397
global_residual,random,16,16,16,1.0,1.0,1.0,1.0,-0.18417371126264084,-0.6711303783505697,-0.6050533904566424
global_residual,shared,16,16,16,1.0,1.0,1.0,1.0,-0.2673886151133407,-0.7351124876050464,-0.4566995219389575
headnorm_contrast_l0p25,random,16,16,16,1.0,1.0,1.0,1.0,0.841299130877188,0.6598289581227588,0.7133084267378371
headnorm_contrast_l0p25,shared,16,16,16,1.0,1.0,1.0,1.0,0.4243952013018801,0.006049758754307582,0.044307018075317645
headnorm_contrast_l0p5,random,16,16,16,1.0,1.0,1.0,1.0,0.6523269716557789,0.2972223641703809,0.39825827503457767
headnorm_contrast_l0p5,shared,16,16,16,1.0,1.0,1.0,1.0,0.15995399883080788,-0.3442233991692441,-0.3017025626648433
headnorm_contrast_l0p75,random,16,16,16,1.0,1.0,1.0,1.0,0.24504344088828567,-0.3315412002554853,-0.18660208142739063
headnorm_contrast_l0p75,shared,16,16,16,1.0,1.0,1.0,1.0,-0.07624064304213324,-0.5863117131604797,-0.5486479763731438
headnorm_contrast_l1,random,16,16,16,1.0,1.0,1.0,1.0,-0.12293808125959231,-0.7166753481056954,-0.6040100301423442
headnorm_contrast_l1,shared,16,16,16,1.0,1.0,1.0,1.0,-0.19121555048102282,-0.6503366899572963,-0.621274609762955
pca_remove1,random,16,16,16,1.0,1.0,1.0,1.0,-0.2214567239921439,-0.6616225062557882,-0.5846980960136742
pca_remove1,shared,16,16,16,1.0,1.0,1.0,1.0,-0.30493892753275853,-0.7296133093634748,-0.4288015042551856
pca_remove2,hybrid,16,16,16,1.0,1.0,1.0,1.0,-0.9999408805352168,0.9974892406025588,-0.9968255335385888
pca_remove2,random,16,16,16,1.0,1.0,1.0,1.0,-1.0,0.9999994200701877,-0.9999993951553673
pca_remove2,shared,16,16,16,1.0,1.0,1.0,1.0,-0.9999998013026006,0.999999509844864,-0.9999994887749961
pca_remove3,random,16,16,16,1.0,1.0,1.0,1.0,0.459522626694597,0.3803674979239308,0.3789563073315401
pca_remove3,shared,16,16,16,1.0,1.0,1.0,1.0,0.05290902393577605,-0.05308906969078363,0.644413058298504
pca_remove5,random,16,16,16,1.0,1.0,1.0,1.0,0.459522626694597,0.3803674979239308,0.3789563073315401
pca_remove5,shared,16,16,16,1.0,1.0,1.0,1.0,0.05290902393577605,-0.05308906969078363,0.644413058298504
raw,random,16,16,16,1.0,1.0,1.0,1.0,0.9334736653898049,0.8650911628457374,0.8671127188347294
raw,shared,16,16,16,1.0,1.0,1.0,1.0,0.905017721247614,0.7925519213288451,0.8526390251092989
contrast_l0p25,ratio,32,0,96,0.0,0.0,0.0,0.0,0.6713114825012312,0.3538371970938156,0.40914196240179257
contrast_l0p5,ratio,32,0,96,0.0,0.0,0.0,0.0,0.42358168070906144,0.05816737310584655,0.130950930239746
contrast_l0p75,hybrid,32,0,86,0.0,0.14285714285714285,0.015873015873015872,0.015873015873015872,-0.2980352943383007,-0.5778433829503637,-0.4718994199598785
contrast_l0p75,ratio,32,0,96,0.0,0.0,0.0,0.0,0.013352263041220091,-0.3449356467111212,-0.29116810061731674
contrast_l1,hybrid,32,0,96,0.0,0.0,0.0,0.0,-0.578467901354384,-0.8006683489911426,-0.6879974851683818
contrast_l1,ratio,32,0,96,0.0,0.0,0.0,0.0,-0.5499030605699002,-0.8517600043351963,-0.7486611988882655
global_residual,hybrid,32,0,95,0.0,0.015873015873015872,0.0,0.0,-0.5886323930093816,-0.7931908403011972,-0.6870527441023881
global_residual,ratio,32,0,96,0.0,0.0,0.0,0.0,-0.5717753449271172,-0.8481598000850595,-0.7409920096209973
headnorm_contrast_l0p25,ratio,32,0,96,0.0,0.0,0.0,0.0,0.5064812131019778,0.17961785340951547,0.2600900108515807
headnorm_contrast_l0p5,ratio,32,0,96,0.0,0.0,0.0,0.0,0.14958364318942732,-0.23211690687047584,-0.1530157862934201
headnorm_contrast_l0p75,hybrid,32,0,88,0.0,0.14285714285714285,0.0,0.0,-0.40155544409891564,-0.5712929625647386,-0.5551022100717347
headnorm_contrast_l0p75,ratio,32,0,96,0.0,0.0,0.0,0.0,-0.29944164140667107,-0.625147430166575,-0.5296830998348057
headnorm_contrast_l1,hybrid,32,0,96,0.0,0.0,0.0,0.0,-0.5970527945313487,-0.7396715919157854,-0.6965502697416143
headnorm_contrast_l1,ratio,32,0,95,0.0,0.015873015873015872,0.0,0.0,-0.5414218620317669,-0.8255401250452821,-0.7138547804885205
headnorm_contrast_l1,specificity_cos,32,0,89,0.0,0.10344827586206896,0.0,0.015873015873015872,-0.4904415460054503,-0.7139185881262445,-0.6701160202463715
pca_remove1,hybrid,32,0,96,0.0,0.0,0.0,0.0,-0.6103474101275609,-0.7940276567313871,-0.6727068061625647
pca_remove1,ratio,32,0,96,0.0,0.0,0.0,0.0,-0.626430195078914,-0.8435976997703488,-0.711818916834327
pca_remove2,ratio,32,0,86,0.0,0.16363636363636364,0.015873015873015872,0.0,-0.9999998656687556,0.9999985981333607,-0.9999982499601866
pca_remove3,ratio,32,0,96,0.0,0.0,0.0,0.0,0.20508565260712475,0.11926498523397909,0.16439785585363867
pca_remove5,ratio,32,0,96,0.0,0.0,0.0,0.0,0.20508565260712475,0.11926498523397909,0.16439785585363867
raw,ratio,32,0,95,0.0,0.0,0.0,0.015873015873015872,0.8021861936295523,0.5863856225306566,0.6257681614818614
headnorm_contrast_l0p75,specificity_cos,32,1,86,0.011627906976744186,0.12280701754385964,0.015873015873015872,0.04918032786885246,-0.3358354258651211,-0.6152640613393554,-0.5592920125741974
headnorm_contrast_l0p25,contrast_norm,32,4,73,0.0547945205479452,0.16363636363636364,0.18518518518518517,0.14285714285714285,0.41194424587599127,0.0588871689966325,0.16854372684390137
headnorm_contrast_l0p5,contrast_norm,32,4,73,0.0547945205479452,0.16363636363636364,0.18518518518518517,0.14285714285714285,0.08306626558203706,-0.3478441828014836,-0.22870729711450732
headnorm_contrast_l0p75,contrast_norm,32,4,73,0.0547945205479452,0.16363636363636364,0.18518518518518517,0.14285714285714285,-0.2315764153290928,-0.6515297155583215,-0.552865025311132
headnorm_contrast_l1,contrast_norm,32,4,73,0.0547945205479452,0.16363636363636364,0.18518518518518517,0.14285714285714285,-0.3673999818519893,-0.7269622480649456,-0.6526077080735733
headnorm_contrast_l1,norm,32,4,73,0.0547945205479452,0.16363636363636364,0.18518518518518517,0.14285714285714285,-0.3673999818519893,-0.7269622480649456,-0.6526077080735733
headnorm_contrast_l0p5,hybrid,32,5,79,0.06329113924050633,0.23076923076923078,0.0847457627118644,0.0847457627118644,-0.003962220801254969,-0.2657854261680551,-0.2170390168319318
headnorm_contrast_l0p5,specificity_cos,32,5,78,0.0641025641025641,0.23076923076923078,0.0847457627118644,0.10344827586206896,0.007458401283790263,-0.28454110073092964,-0.2192181970808917
headnorm_contrast_l0p25,hybrid,32,7,71,0.09859154929577464,0.391304347826087,0.12280701754385964,0.12280701754385964,0.35886684748696496,0.10985033116165659,0.18295816270062795
headnorm_contrast_l0p25,specificity_cos,32,7,71,0.09859154929577464,0.391304347826087,0.12280701754385964,0.12280701754385964,0.35886684748696496,0.10985033116165659,0.18295816270062795
contrast_l0p5,hybrid,32,7,70,0.1,0.3333333333333333,0.12280701754385964,0.18518518518518517,0.12158289197187068,-0.24553026328653718,-0.11231322343150013
pca_remove3,hybrid,32,8,69,0.11594202898550725,0.18518518518518517,0.18518518518518517,0.30612244897959184,-0.13686091522098884,-0.23914828174532546,-0.0068078322709214595
pca_remove5,hybrid,32,8,69,0.11594202898550725,0.18518518518518517,0.18518518518518517,0.30612244897959184,-0.13686091522098884,-0.23914828174532546,-0.0068078322709214595
headnorm_contrast_l0p75,norm,32,8,66,0.12121212121212122,0.23076923076923078,0.30612244897959184,0.20754716981132076,-0.20639965444827152,-0.6499595475381821,-0.5424073394990033
pca_remove2,specificity_cos,32,7,57,0.12280701754385964,0.12280701754385964,1.0,0.12280701754385964,-1.0000001167061874,0.9999971914484498,-0.9999988846742923
headnorm_contrast_l0p5,norm,32,11,62,0.1774193548387097,0.30612244897959184,0.391304347826087,0.23076923076923078,0.09447540921019759,-0.35571208482874683,-0.22550158629855133
headnorm_contrast_l0p25,norm,32,12,57,0.21052631578947367,0.30612244897959184,0.45454545454545453,0.3333333333333333,0.4335152900131479,0.038573301308740086,0.15422240224672748
pca_remove3,specificity_cos,32,13,57,0.22807017543859648,0.391304347826087,0.3333333333333333,0.391304347826087,-0.040090289084332355,-0.13579620689006677,0.516292486056742
pca_remove5,specificity_cos,32,13,57,0.22807017543859648,0.391304347826087,0.3333333333333333,0.391304347826087,-0.040090289084332355,-0.13579620689006677,0.516292486056742
global_residual,specificity_cos,32,14,58,0.2413793103448276,0.4883720930232558,0.30612244897959184,0.3333333333333333,-0.3256205369630851,-0.7514316955445777,-0.5284213885875021
contrast_l0p25,hybrid,32,14,57,0.24561403508771928,0.5609756097560976,0.3333333333333333,0.28,0.4668781991219797,0.1556324630703196,0.310646520061463
contrast_l1,specificity_cos,32,15,58,0.25862068965517243,0.4883720930232558,0.30612244897959184,0.3617021276595745,-0.31997320899571674,-0.7538305945647134,-0.5332867858568111
pca_remove1,specificity_cos,32,15,58,0.25862068965517243,0.4883720930232558,0.30612244897959184,0.3617021276595745,-0.36090823536054206,-0.7457693652566141,-0.5053907420256618
contrast_l0p75,specificity_cos,32,15,57,0.2631578947368421,0.45454545454545453,0.3333333333333333,0.391304347826087,-0.09162505539282789,-0.5859810556601789,-0.34555465574555927
raw,hybrid,32,15,54,0.2777777777777778,0.6842105263157895,0.3333333333333333,0.30612244897959184,0.69525398504838,0.5036492034297516,0.6046579806143706
contrast_l0p5,norm,32,16,51,0.3137254901960784,0.4222222222222222,0.4883720930232558,0.4883720930232558,0.48765703301983937,0.03248512935019378,0.26325987989553173
contrast_l0p25,specificity_cos,32,17,53,0.32075471698113206,0.6,0.391304347826087,0.391304347826087,0.5600674991808352,0.2462289465489378,0.41871360786629375
contrast_l0p5,specificity_cos,32,17,53,0.32075471698113206,0.5609756097560976,0.391304347826087,0.4222222222222222,0.27441734905319576,-0.18525525347093139,0.047409856773291785
raw,specificity_cos,32,17,53,0.32075471698113206,0.6410256410256411,0.391304347826087,0.3617021276595745,0.7532043172766592,0.5602368134732845,0.6709487883754968
pca_remove3,norm,32,18,50,0.36,0.4222222222222222,0.45454545454545453,0.6410256410256411,0.09818544990030911,0.011528989380837093,0.5830302998482645
pca_remove5,norm,32,18,50,0.36,0.4222222222222222,0.45454545454545453,0.6410256410256411,0.09818544990030911,0.011528989380837093,0.5830302998482645
contrast_l0p75,norm,32,20,48,0.4166666666666667,0.5238095238095238,0.5609756097560976,0.5609756097560976,0.03800970640700477,-0.5562233734281413,-0.31807551993467803
contrast_l0p25,norm,32,19,44,0.4318181818181818,0.5609756097560976,0.5609756097560976,0.6410256410256411,0.7720962463127264,0.5117158305837578,0.6647643123977081
contrast_l0p25,contrast_norm,32,20,45,0.4444444444444444,0.4883720930232558,0.7297297297297297,0.5609756097560976,0.6470089092333959,0.289690034013121,0.465461090957691
contrast_l0p5,contrast_norm,32,20,45,0.4444444444444444,0.4883720930232558,0.7297297297297297,0.5609756097560976,0.3705333017651167,-0.1637947139540205,0.08707712960862733
contrast_l0p75,contrast_norm,32,20,45,0.4444444444444444,0.4883720930232558,0.7297297297297297,0.5609756097560976,0.00412356500467476,-0.6080538126382171,-0.33860917333492113
contrast_l1,contrast_norm,32,20,45,0.4444444444444444,0.4883720930232558,0.7297297297297297,0.5609756097560976,-0.22488699688605612,-0.7573412327005601,-0.5286699379972397
contrast_l1,norm,32,20,45,0.4444444444444444,0.4883720930232558,0.7297297297297297,0.5609756097560976,-0.22488699688605612,-0.7573412327005601,-0.5286699379972397
raw,contrast_norm,32,20,45,0.4444444444444444,0.4883720930232558,0.7297297297297297,0.5609756097560976,0.8081306011721635,0.5993134642227326,0.705201653907357
pca_remove1,contrast_norm,32,22,44,0.5,0.5609756097560976,0.7297297297297297,0.6,-0.2735588603557444,-0.7512487643654583,-0.5007588614396127
pca_remove1,norm,32,22,44,0.5,0.5609756097560976,0.7297297297297297,0.6,-0.27921379480953107,-0.7512487643654583,-0.4940397057965797
global_residual,contrast_norm,32,22,43,0.5116279069767442,0.5609756097560976,0.7777777777777778,0.6,-0.23034155141181334,-0.7550417433625041,-0.526145804861484
global_residual,norm,32,22,43,0.5116279069767442,0.5609756097560976,0.7777777777777778,0.6,-0.23034155141181334,-0.7550417433625041,-0.526145804861484
raw,norm,32,22,43,0.5116279069767442,0.6842105263157895,0.5609756097560976,0.6842105263157895,0.8907158696542222,0.7656344339970773,0.835357028237369
pca_remove3,contrast_norm,32,23,43,0.5348837209302325,0.6,0.7777777777777778,0.6,0.007722270413850435,-0.12053629588674576,0.5392590657227996
pca_remove5,contrast_norm,32,23,43,0.5348837209302325,0.6,0.7777777777777778,0.6,0.007722270413850435,-0.12053629588674576,0.5392590657227996
contrast_l0p25,random,32,32,32,1.0,1.0,1.0,1.0,0.8500479931176349,0.6464794574572562,0.6940480558595474
contrast_l0p25,shared,32,32,32,1.0,1.0,1.0,1.0,0.7631653269236465,0.5069874214026353,0.6549252390299692
contrast_l0p5,random,32,32,32,1.0,1.0,1.0,1.0,0.6766679222236157,0.27491214468648656,0.350698692386057
contrast_l0p5,shared,32,32,32,1.0,1.0,1.0,1.0,0.4827031282551803,0.014456284184768322,0.25725094411615834
contrast_l0p75,random,32,32,32,1.0,1.0,1.0,1.0,0.2977011101681866,-0.3478880972049175,-0.25830284511031043
contrast_l0p75,shared,32,32,32,1.0,1.0,1.0,1.0,0.05332562244523889,-0.585698391428291,-0.2977598031796342
contrast_l1,random,32,32,32,1.0,1.0,1.0,1.0,-0.10436080587018591,-0.7379313445871458,-0.5941792737300585
contrast_l1,shared,32,32,32,1.0,1.0,1.0,1.0,-0.19043483639332784,-0.7472054249470105,-0.5101370953373912
global_residual,random,32,32,32,1.0,1.0,1.0,1.0,-0.11041048219825406,-0.7326958107887709,-0.5954981610267809
global_residual,shared,32,32,32,1.0,1.0,1.0,1.0,-0.196431833032839,-0.7466772358516799,-0.5055560392196132
headnorm_contrast_l0p25,random,32,32,32,1.0,1.0,1.0,1.0,0.8338787810513605,0.6066554936122985,0.7037037685541696
headnorm_contrast_l0p25,shared,32,32,32,1.0,1.0,1.0,1.0,0.4857860842912281,0.014691638730967125,0.14660115773987867
headnorm_contrast_l0p5,random,32,32,32,1.0,1.0,1.0,1.0,0.6424985268871722,0.2109039063791971,0.38879758941805526
headnorm_contrast_l0p5,shared,32,32,32,1.0,1.0,1.0,1.0,0.22074988262232165,-0.36445346196525463,-0.21240619015266093
headnorm_contrast_l0p75,random,32,32,32,1.0,1.0,1.0,1.0,0.2490630465821619,-0.4178088649672244,-0.17463586246468016
headnorm_contrast_l0p75,shared,32,32,32,1.0,1.0,1.0,1.0,-0.03287467594246189,-0.6324509741025952,-0.4959804993039473
headnorm_contrast_l1,random,32,32,32,1.0,1.0,1.0,1.0,-0.0945123595286592,-0.7596987750725752,-0.5755634648493066
headnorm_contrast_l1,shared,32,32,32,1.0,1.0,1.0,1.0,-0.1612547851891545,-0.6980615537396975,-0.5941007742666692
pca_remove1,random,32,32,32,1.0,1.0,1.0,1.0,-0.1490199637246093,-0.7252899018501909,-0.5726737555372047
pca_remove1,shared,32,32,32,1.0,1.0,1.0,1.0,-0.23528688091168262,-0.7408814494140844,-0.4784608687993605
pca_remove2,contrast_norm,32,32,32,1.0,1.0,1.0,1.0,-1.0000001321779919,0.9999996739374061,-0.9999996113378199
pca_remove2,hybrid,32,32,32,1.0,1.0,1.0,1.0,-0.9999999301387995,0.9999993795208798,-0.99999928092739
pca_remove2,norm,32,32,32,1.0,1.0,1.0,1.0,-1.0000001321779919,0.9999996739374061,-0.9999996113378199
pca_remove2,random,32,32,32,1.0,1.0,1.0,1.0,-0.9999999278202696,0.9999992876353805,-0.9999991508818251
pca_remove2,shared,32,32,32,1.0,1.0,1.0,1.0,-1.0000001321779919,0.9999996739374061,-0.9999996113378199
pca_remove3,random,32,32,32,1.0,1.0,1.0,1.0,0.4243582050345591,0.26595000321598145,0.40249180495209935
pca_remove3,shared,32,32,32,1.0,1.0,1.0,1.0,0.09981943179281924,-0.013068155496827388,0.6080489339609734
pca_remove5,random,32,32,32,1.0,1.0,1.0,1.0,0.4243582050345591,0.26595000321598145,0.40249180495209935
pca_remove5,shared,32,32,32,1.0,1.0,1.0,1.0,0.09981943179281924,-0.013068155496827388,0.6080489339609734
raw,random,32,32,32,1.0,1.0,1.0,1.0,0.9259912585163813,0.8241548168915787,0.8510821138950756
raw,shared,32,32,32,1.0,1.0,1.0,1.0,0.894052149235466,0.7708303827973509,0.8379332091671347
contrast_l0p25,ratio,64,0,188,0.0,0.007874015748031496,0.0,0.024,0.7456922553266586,0.4635858491339241,0.5070559102908999
contrast_l0p5,ratio,64,0,191,0.0,0.0,0.0,0.007874015748031496,0.5293846462740475,0.10434587102262897,0.16762028136801452
contrast_l0p75,ratio,64,0,192,0.0,0.0,0.0,0.0,0.07907724348374642,-0.3257266740611984,-0.27172718006879015
contrast_l1,hybrid,64,0,191,0.0,0.007874015748031496,0.0,0.0,-0.5561224970364248,-0.7874333538096582,-0.669937857803694
contrast_l1,ratio,64,0,189,0.0,0.015873015873015872,0.0,0.007874015748031496,-0.5151294272412527,-0.8449605153674542,-0.6996977929396822
global_residual,hybrid,64,0,191,0.0,0.007874015748031496,0.0,0.0,-0.5647654350968268,-0.779888806082302,-0.6708747651125943
global_residual,ratio,64,0,190,0.0,0.007874015748031496,0.0,0.007874015748031496,-0.5276574488939386,-0.8405653909958187,-0.7024980087998081
headnorm_contrast_l0p25,ratio,64,0,188,0.0,0.0,0.015873015873015872,0.015873015873015872,0.5795684442015735,0.2622302261973982,0.3584546166675696
headnorm_contrast_l0p5,ratio,64,0,189,0.0,0.0,0.007874015748031496,0.015873015873015872,0.24802566911886093,-0.1631601152361413,-0.05066324202267872
headnorm_contrast_l0p75,ratio,64,0,190,0.0,0.0,0.0,0.015873015873015872,-0.1987862647140846,-0.6009980641981308,-0.49836161719536615
headnorm_contrast_l1,hybrid,64,0,186,0.0,0.04918032786885246,0.0,0.0,-0.5631905967136449,-0.731564199661088,-0.6851099783308241
headnorm_contrast_l1,ratio,64,0,189,0.0,0.007874015748031496,0.007874015748031496,0.007874015748031496,-0.4543519460965047,-0.8102986686597535,-0.7047020757790172
pca_remove1,hybrid,64,0,191,0.0,0.007874015748031496,0.0,0.0,-0.5772331780062147,-0.7747915837663206,-0.6528029219300122
pca_remove1,ratio,64,0,190,0.0,0.007874015748031496,0.0,0.007874015748031496,-0.559210860261975,-0.8341988674040175,-0.6862425770885542
pca_remove2,ratio,64,0,177,0.0,0.12280701754385964,0.007874015748031496,0.0,-0.9999999403796375,0.9999992817571266,-0.9999985557609852
pca_remove3,ratio,64,0,188,0.0,0.024,0.0,0.007874015748031496,0.0798010171341033,0.058782807914318363,0.6399937621264371
pca_remove5,ratio,64,0,188,0.0,0.024,0.0,0.007874015748031496,0.0798010171341033,0.058782807914318363,0.6399937621264371
raw,ratio,64,0,187,0.0,0.015873015873015872,0.0,0.024,0.857466582810377,0.6799584799781829,0.7333259104786507
contrast_l0p75,hybrid,64,3,163,0.018404907975460124,0.23076923076923078,0.024,0.04065040650406504,-0.27485958903170216,-0.5655264779319147,-0.4593348797008416
headnorm_contrast_l0p75,hybrid,64,4,150,0.02666666666666667,0.4222222222222222,0.03225806451612903,0.03225806451612903,-0.3239215453165822,-0.5525516982431264,-0.5053666156561533
headnorm_contrast_l1,specificity_cos,64,5,156,0.03205128205128205,0.26732673267326734,0.05785123966942149,0.05785123966942149,-0.44203636386577216,-0.713694370245262,-0.6430422084519063
headnorm_contrast_l0p75,specificity_cos,64,10,144,0.06944444444444445,0.3473684210526316,0.12280701754385964,0.09401709401709402,-0.2717406758777183,-0.5941479424710437,-0.5039796617738361
headnorm_contrast_l0p5,hybrid,64,14,131,0.10687022900763359,0.5421686746987951,0.13274336283185842,0.13274336283185842,0.07297032240336317,-0.2105745467048726,-0.12138425953895414
contrast_l0p5,hybrid,64,18,128,0.140625,0.47126436781609193,0.16363636363636364,0.21904761904761905,0.15745144199964353,-0.21636405137023998,-0.03187740271841823
headnorm_contrast_l0p25,contrast_norm,64,18,120,0.15,0.28,0.4065934065934066,0.24271844660194175,0.4857945485332838,0.1366208197211416,0.26289091868621856
headnorm_contrast_l0p5,contrast_norm,64,18,120,0.15,0.28,0.4065934065934066,0.24271844660194175,0.16704010072542522,-0.2840554553894766,-0.13678327949531904
headnorm_contrast_l0p75,contrast_norm,64,18,120,0.15,0.28,0.4065934065934066,0.24271844660194175,-0.16387608906191004,-0.6239029273390257,-0.4949710190814358
headnorm_contrast_l1,contrast_norm,64,18,120,0.15,0.28,0.4065934065934066,0.24271844660194175,-0.3180143850326358,-0.7180282452340662,-0.6193351535318429
headnorm_contrast_l1,norm,64,18,120,0.15,0.28,0.4065934065934066,0.24271844660194175,-0.3180143850326358,-0.7180282452340662,-0.6193351535318429
pca_remove3,hybrid,64,21,133,0.15789473684210525,0.23076923076923078,0.19626168224299065,0.3763440860215054,-0.09797963955188274,-0.21164825775221766,0.04747820690613119
pca_remove5,hybrid,64,21,133,0.15789473684210525,0.23076923076923078,0.19626168224299065,0.3763440860215054,-0.09797963955188274,-0.21164825775221766,0.04747820690613119
headnorm_contrast_l0p5,specificity_cos,64,22,126,0.1746031746031746,0.4883720930232558,0.23076923076923078,0.20754716981132076,0.08862478227530884,-0.2363880878039663,-0.13560835884283154
headnorm_contrast_l0p75,norm,64,23,113,0.20353982300884957,0.3473684210526316,0.45454545454545453,0.29292929292929293,-0.15046031830187986,-0.627340931985141,-0.49467535542810886
headnorm_contrast_l0p25,hybrid,64,25,119,0.21008403361344538,0.5802469135802469,0.2549019607843137,0.24271844660194175,0.4303280841820204,0.19047379296756262,0.26367897116607986
headnorm_contrast_l0p25,specificity_cos,64,25,118,0.211864406779661,0.5802469135802469,0.26732673267326734,0.24271844660194175,0.4306942568174765,0.187086144544747,0.2625361458562976
pca_remove2,specificity_cos,64,24,104,0.23076923076923078,0.23076923076923078,1.0,0.23076923076923078,-0.9999999130079023,0.9999982698539546,-0.9999990407242608
contrast_l0p25,hybrid,64,28,113,0.24778761061946902,0.6,0.30612244897959184,0.29292929292929293,0.49635226330563076,0.20020866241682986,0.35437426698606617
global_residual,specificity_cos,64,29,115,0.25217391304347825,0.4883720930232558,0.3763440860215054,0.29292929292929293,-0.28641233865221394,-0.7576621587081115,-0.5539452990361384
contrast_l1,specificity_cos,64,29,114,0.2543859649122807,0.4883720930232558,0.3763440860215054,0.30612244897959184,-0.28662828190804185,-0.7555215621352029,-0.5552698941727936
headnorm_contrast_l0p5,norm,64,28,107,0.2616822429906542,0.4065934065934066,0.5058823529411764,0.3473684210526316,0.17279063251214902,-0.2954900200579234,-0.1431199541517626
pca_remove1,specificity_cos,64,30,114,0.2631578947368421,0.47126436781609193,0.391304347826087,0.31958762886597936,-0.31156239237522326,-0.7525204761256932,-0.5316948858467695
raw,hybrid,64,29,108,0.26851851851851855,0.6410256410256411,0.31958762886597936,0.3333333333333333,0.7206720914772279,0.5295920253956307,0.6281319746144332
contrast_l0p75,specificity_cos,64,31,110,0.2818181818181818,0.4883720930232558,0.43820224719101125,0.3333333333333333,-0.04582971206104302,-0.5753903500031249,-0.3477202240158043
headnorm_contrast_l0p25,norm,64,31,103,0.30097087378640774,0.45454545454545453,0.5238095238095238,0.391304347826087,0.4831677512022277,0.11932213620125373,0.24912022755155425
contrast_l0p5,specificity_cos,64,35,106,0.330188679245283,0.5609756097560976,0.43820224719101125,0.391304347826087,0.30687921765373355,-0.13955737196685275,0.06701275292975815
pca_remove3,specificity_cos,64,36,104,0.34615384615384615,0.4883720930232558,0.47126436781609193,0.47126436781609193,0.005378278515439512,-0.12491880086795634,0.4755086715500477
pca_remove5,specificity_cos,64,36,104,0.34615384615384615,0.4883720930232558,0.47126436781609193,0.47126436781609193,0.005378278515439512,-0.12491880086795634,0.4755086715500477
pca_remove3,norm,64,35,101,0.3465346534653465,0.4883720930232558,0.45454545454545453,0.5238095238095238,0.14810909325906702,0.02974641721749756,0.5320699804339609
pca_remove5,norm,64,35,101,0.3465346534653465,0.4883720930232558,0.45454545454545453,0.5238095238095238,0.14810909325906702,0.02974641721749756,0.5320699804339609
contrast_l0p75,norm,64,36,101,0.3564356435643564,0.4883720930232558,0.5058823529411764,0.4883720930232558,0.07500787186823414,-0.518020526442833,-0.2884195300127596
contrast_l0p25,specificity_cos,64,37,102,0.3627450980392157,0.6,0.47126436781609193,0.4222222222222222,0.6010197256518446,0.2784179170036827,0.43174419979475004
contrast_l0p5,norm,64,36,99,0.36363636363636365,0.5421686746987951,0.47126436781609193,0.5058823529411764,0.5181457089195342,0.05265216648864625,0.24040473213544652
raw,specificity_cos,64,41,94,0.43617021276595747,0.7066666666666667,0.5421686746987951,0.47126436781609193,0.7776289369448485,0.5823077342220908,0.6814132796805319
contrast_l0p25,norm,64,41,92,0.44565217391304346,0.6410256410256411,0.5238095238095238,0.5802469135802469,0.76921617534673,0.494685561357324,0.6178217416236585
global_residual,contrast_norm,64,41,86,0.47674418604651164,0.5802469135802469,0.7066666666666667,0.5802469135802469,-0.19974100634274689,-0.7535845431365165,-0.5394273159653
global_residual,norm,64,41,86,0.47674418604651164,0.5802469135802469,0.7066666666666667,0.5802469135802469,-0.19974100634274689,-0.7535845431365165,-0.5394273159653
pca_remove1,contrast_norm,64,41,86,0.47674418604651164,0.5802469135802469,0.7066666666666667,0.5802469135802469,-0.2376577611633171,-0.7477213555891922,-0.5143066334921376
pca_remove1,norm,64,41,86,0.47674418604651164,0.5802469135802469,0.7066666666666667,0.5802469135802469,-0.2376577611633171,-0.7477213555891922,-0.5143066334921376
contrast_l0p25,contrast_norm,64,42,87,0.4827586206896552,0.5802469135802469,0.6842105263157895,0.6,0.6777677592456235,0.35034874125762255,0.4889525728293324
contrast_l0p5,contrast_norm,64,42,87,0.4827586206896552,0.5802469135802469,0.6842105263157895,0.6,0.4072870691318492,-0.09417298132574682,0.10945280867336196
contrast_l0p75,contrast_norm,64,42,87,0.4827586206896552,0.5802469135802469,0.6842105263157895,0.6,0.029853731030911095,-0.5671020710505248,-0.338156368172831
contrast_l1,contrast_norm,64,42,87,0.4827586206896552,0.5802469135802469,0.6842105263157895,0.6,-0.20146450932239165,-0.754104860876002,-0.542573901396486
contrast_l1,norm,64,42,87,0.4827586206896552,0.5802469135802469,0.6842105263157895,0.6,-0.20146450932239165,-0.754104860876002,-0.542573901396486
raw,contrast_norm,64,42,87,0.4827586206896552,0.5802469135802469,0.6842105263157895,0.6,0.8283322619416505,0.6389232081185988,0.7213023207683407
pca_remove3,contrast_norm,64,43,86,0.5,0.6,0.7297297297297297,0.5802469135802469,0.06537779615777133,-0.05345577299690773,0.5073455504230614
pca_remove5,contrast_norm,64,43,86,0.5,0.6,0.7297297297297297,0.5802469135802469,0.06537779615777133,-0.05345577299690773,0.5073455504230614
raw,norm,64,48,84,0.5714285714285714,0.7297297297297297,0.6623376623376623,0.6623376623376623,0.8836630170175676,0.7471357645807619,0.8139302170698548
contrast_l0p25,random,64,64,64,1.0,1.0,1.0,1.0,0.8019090910300258,0.5922936442124774,0.634431988137374
contrast_l0p25,shared,64,64,64,1.0,1.0,1.0,1.0,0.7711473258828683,0.5191618707783596,0.6423824159950213
contrast_l0p5,random,64,64,64,1.0,1.0,1.0,1.0,0.5888070752887192,0.20473953925021898,0.26970732723901125
contrast_l0p5,shared,64,64,64,1.0,1.0,1.0,1.0,0.5162152141169228,0.04836122575076857,0.27309465456897103
contrast_l0p75,random,64,64,64,1.0,1.0,1.0,1.0,0.18656383831045298,-0.3771257642561486,-0.30125831612622167
contrast_l0p75,shared,64,64,64,1.0,1.0,1.0,1.0,0.062407518060726044,-0.5444850371748865,-0.29998043434634447
contrast_l1,random,64,64,64,1.0,1.0,1.0,1.0,-0.14312569039275508,-0.7042474004451159,-0.6018497776692364
contrast_l1,shared,64,64,64,1.0,1.0,1.0,1.0,-0.18263278493433827,-0.7398202956567361,-0.5263731783103713
global_residual,random,64,64,64,1.0,1.0,1.0,1.0,-0.14583296110523847,-0.7017852133932412,-0.6024291600753674
global_residual,shared,64,64,64,1.0,1.0,1.0,1.0,-0.18501195785239818,-0.7409640940508551,-0.5228641619698716
headnorm_contrast_l0p25,random,64,64,64,1.0,1.0,1.0,1.0,0.8311591875260631,0.6437451906926619,0.7068439597922958
headnorm_contrast_l0p25,shared,64,64,64,1.0,1.0,1.0,1.0,0.5031870878229329,0.12687305686893424,0.21643457856999404
headnorm_contrast_l0p5,random,64,64,64,1.0,1.0,1.0,1.0,0.633832937981036,0.2720800742379086,0.38980301436880677
headnorm_contrast_l0p5,shared,64,64,64,1.0,1.0,1.0,1.0,0.2201048348669431,-0.2693810443150044,-0.16020455179468104
headnorm_contrast_l0p75,random,64,64,64,1.0,1.0,1.0,1.0,0.22132880214597128,-0.35192028303285583,-0.18606850769870253
headnorm_contrast_l0p75,shared,64,64,64,1.0,1.0,1.0,1.0,-0.07491594638367641,-0.5698140521838927,-0.4803479502609765
headnorm_contrast_l1,random,64,64,64,1.0,1.0,1.0,1.0,-0.13824456119807715,-0.7188268354357914,-0.5891403665191222
headnorm_contrast_l1,shared,64,64,64,1.0,1.0,1.0,1.0,-0.21538205572036054,-0.6606104213510934,-0.5908253240933172
pca_remove1,random,64,64,64,1.0,1.0,1.0,1.0,-0.18316897084786615,-0.6939873636367238,-0.5806891695294448
pca_remove1,shared,64,64,64,1.0,1.0,1.0,1.0,-0.2234859704172695,-0.7349238418601718,-0.49675209866427966
pca_remove2,contrast_norm,64,64,64,1.0,1.0,1.0,1.0,-1.0000000965536433,0.9999996188976099,-0.9999997160828692
pca_remove2,hybrid,64,64,64,1.0,1.0,1.0,1.0,-0.9999999172408702,0.9999991015952809,-0.9999991481478574
pca_remove2,norm,64,64,64,1.0,1.0,1.0,1.0,-1.0000000965536433,0.9999996188976099,-0.9999997160828692
pca_remove2,random,64,64,64,1.0,1.0,1.0,1.0,-1.0000001158388419,0.9999994283797561,-0.9999993186386981
pca_remove2,shared,64,64,64,1.0,1.0,1.0,1.0,-1.0000000965536433,0.9999996188976099,-0.9999997160828692
pca_remove3,random,64,64,64,1.0,1.0,1.0,1.0,0.31753227295488934,0.19475218802609745,0.3319649971140034
pca_remove3,shared,64,64,64,1.0,1.0,1.0,1.0,0.13054610522957558,0.014114996724791678,0.5633211905724714
pca_remove5,random,64,64,64,1.0,1.0,1.0,1.0,0.31753227295488934,0.19475218802609745,0.3319649971140034
pca_remove5,shared,64,64,64,1.0,1.0,1.0,1.0,0.13054610522957558,0.014114996724791678,0.5633211905724714
raw,random,64,64,64,1.0,1.0,1.0,1.0,0.9008981953798777,0.7916137404585301,0.8159299301324352
raw,shared,64,64,64,1.0,1.0,1.0,1.0,0.8885121465556594,0.7611449641474327,0.8295251257660037
contrast_l0p25,ratio,128,0,367,0.0,0.04065040650406504,0.00392156862745098,0.024,0.7679388507635254,0.49273548054009425,0.561294686192578
contrast_l0p5,ratio,128,0,371,0.0,0.03225806451612903,0.0,0.0199203187250996,0.558911228480221,0.13037766922097296,0.2347818663667346
contrast_l0p75,ratio,128,0,377,0.0,0.00392156862745098,0.0,0.024,0.1030728210112101,-0.4040516132441223,-0.27930572698942785
contrast_l1,hybrid,128,0,364,0.0,0.0847457627118644,0.0,0.0,-0.5474964731662402,-0.7681332083997828,-0.6638063535391494
contrast_l1,ratio,128,0,358,0.0,0.04065040650406504,0.04065040650406504,0.024,-0.3750846719204673,-0.813225922787252,-0.665694959360216
global_residual,hybrid,128,0,366,0.0,0.07563025210084033,0.0,0.0,-0.552427325545997,-0.7699350133469018,-0.6600710052555415
global_residual,ratio,128,0,360,0.0,0.04065040650406504,0.03225806451612903,0.024,-0.3826111657555496,-0.8118527097414882,-0.6640738117319337
headnorm_contrast_l0p25,ratio,128,0,353,0.0,0.053497942386831275,0.053497942386831275,0.0199203187250996,0.6628414990986493,0.3544014413422443,0.4611616048473987
headnorm_contrast_l0p5,ratio,128,0,358,0.0,0.053497942386831275,0.03643724696356275,0.015873015873015872,0.3545656264547198,-0.08493971859207439,0.06342157434990758
headnorm_contrast_l0p75,ratio,128,0,363,0.0,0.044897959183673466,0.0199203187250996,0.0199203187250996,-0.10649302948436543,-0.5655716801353008,-0.4229740098013053
headnorm_contrast_l1,ratio,128,0,360,0.0,0.03643724696356275,0.04065040650406504,0.0199203187250996,-0.3841424601341364,-0.7885975087085773,-0.6731348468422998
pca_remove1,hybrid,128,0,374,0.0,0.04065040650406504,0.0,0.0,-0.5587481496217451,-0.7620223245422515,-0.6416555732364052
pca_remove1,ratio,128,0,360,0.0,0.044897959183673466,0.03225806451612903,0.0199203187250996,-0.4166862877487511,-0.8071174635327586,-0.644852085774442
pca_remove2,ratio,128,0,331,0.0,0.13274336283185842,0.0847457627118644,0.011857707509881422,-0.999999898014724,0.9999996027628374,-0.9999991667999787
pca_remove3,ratio,128,0,368,0.0,0.053497942386831275,0.0,0.011857707509881422,0.1540580889228194,0.08869128849248119,0.5428042520378458
pca_remove5,ratio,128,0,368,0.0,0.053497942386831275,0.0,0.011857707509881422,0.1540580889228194,0.08869128849248119,0.5428042520378458
raw,ratio,128,0,359,0.0,0.06666666666666667,0.00392156862745098,0.03225806451612903,0.8710619614574405,0.7110109940783939,0.7591239086500255
headnorm_contrast_l1,hybrid,128,2,335,0.005970149253731343,0.19626168224299065,0.028112449799196786,0.007874015748031496,-0.4783558413989114,-0.7302262513885389,-0.6634379453924689
contrast_l0p75,hybrid,128,9,310,0.02903225806451613,0.28,0.044897959183673466,0.06666666666666667,-0.20103688398709293,-0.5490147508594571,-0.43663104414388587
headnorm_contrast_l0p75,hybrid,128,14,279,0.05017921146953405,0.4301675977653631,0.08936170212765958,0.08936170212765958,-0.18174553558563666,-0.5305207981188074,-0.4312959077075023
headnorm_contrast_l1,specificity_cos,128,30,261,0.11494252873563218,0.45454545454545453,0.17972350230414746,0.15315315315315314,-0.37706152004508153,-0.713672095063262,-0.616789624649349
contrast_l0p5,hybrid,128,42,242,0.17355371900826447,0.5329341317365269,0.2132701421800948,0.24271844660194175,0.21103530201233878,-0.17365287605990137,0.00018207485981438127
headnorm_contrast_l0p75,specificity_cos,128,42,238,0.17647058823529413,0.5900621118012422,0.23671497584541062,0.20754716981132076,-0.18922993481151126,-0.5610151629770066,-0.4422218507715012
headnorm_contrast_l0p5,hybrid,128,50,223,0.2242152466367713,0.7181208053691275,0.26732673267326734,0.24271844660194175,0.18426312142960513,-0.13459679278206824,-0.029339962577186917
contrast_l0p25,hybrid,128,53,226,0.2345132743362832,0.5421686746987951,0.2864321608040201,0.3333333333333333,0.5462850735228413,0.2534937311990866,0.3930937741296389
pca_remove3,hybrid,128,58,238,0.24369747899159663,0.3128205128205128,0.3128205128205128,0.47126436781609193,-0.052795917997762704,-0.14332874842717083,0.0799695542959623
pca_remove5,hybrid,128,58,238,0.24369747899159663,0.3128205128205128,0.3128205128205128,0.47126436781609193,-0.052795917997762704,-0.14332874842717083,0.0799695542959623
headnorm_contrast_l0p5,specificity_cos,128,56,215,0.26046511627906976,0.7181208053691275,0.31958762886597936,0.28,0.18854989243529882,-0.14796595139321572,-0.033810051155095396
headnorm_contrast_l0p25,contrast_norm,128,57,206,0.2766990291262136,0.4143646408839779,0.5421686746987951,0.3763440860215054,0.5713225591246907,0.23607454948624254,0.34984432862355286
headnorm_contrast_l0p5,contrast_norm,128,57,206,0.2766990291262136,0.4143646408839779,0.5421686746987951,0.3763440860215054,0.2682819516127108,-0.19910858259857722,-0.052418725999723734
headnorm_contrast_l0p75,contrast_norm,128,57,206,0.2766990291262136,0.4143646408839779,0.5421686746987951,0.3763440860215054,-0.08358050514244199,-0.5922691354378304,-0.4528006939108414
headnorm_contrast_l1,contrast_norm,128,57,206,0.2766990291262136,0.4143646408839779,0.5421686746987951,0.3763440860215054,-0.2635149984584134,-0.7157099360422002,-0.6078878977143028
headnorm_contrast_l1,norm,128,57,206,0.2766990291262136,0.4143646408839779,0.5421686746987951,0.3763440860215054,-0.2635149984584134,-0.7157099360422002,-0.6078878977143028
raw,hybrid,128,62,214,0.2897196261682243,0.6,0.3333333333333333,0.391304347826087,0.7497867084557206,0.5616901570307581,0.6504753909759087
headnorm_contrast_l0p25,hybrid,128,61,207,0.2946859903381642,0.7655172413793103,0.3473684210526316,0.3128205128205128,0.5180359708150261,0.2854985284003918,0.3625795806118194
headnorm_contrast_l0p25,specificity_cos,128,63,205,0.3073170731707317,0.7414965986394558,0.3763440860215054,0.32642487046632124,0.5211200698956884,0.2783072426696993,0.36026132331949323
headnorm_contrast_l0p75,norm,128,65,194,0.33505154639175255,0.4883720930232558,0.5705521472392638,0.43820224719101125,-0.07844539726265022,-0.5865529452650301,-0.4568917601364103
contrast_l1,specificity_cos,128,72,206,0.34951456310679613,0.5609756097560976,0.46285714285714286,0.4301675977653631,-0.24502984761761995,-0.7512491879053816,-0.5613152021144073
pca_remove2,specificity_cos,128,67,189,0.3544973544973545,0.3544973544973545,1.0,0.3544973544973545,-0.9999999313649817,0.9999986164605016,-0.9999992935914618
global_residual,specificity_cos,128,73,204,0.35784313725490197,0.5515151515151515,0.4797687861271676,0.4463276836158192,-0.24955116709863515,-0.7494918779292277,-0.5583695768765108
contrast_l0p75,specificity_cos,128,74,203,0.3645320197044335,0.5705521472392638,0.46285714285714286,0.46285714285714286,-0.005120188437561204,-0.5303003635621071,-0.3239855101720529
headnorm_contrast_l0p5,norm,128,70,187,0.37433155080213903,0.5329341317365269,0.610062893081761,0.46285714285714286,0.2662323660154349,-0.19521915053891054,-0.06398595884238326
pca_remove1,specificity_cos,128,76,203,0.37438423645320196,0.5609756097560976,0.4883720930232558,0.46285714285714286,-0.28598672861653,-0.7445688503728117,-0.5347000682318969
pca_remove3,specificity_cos,128,77,195,0.39487179487179486,0.49707602339181284,0.5238095238095238,0.5705521472392638,0.05626247398916181,-0.07968696960541177,0.45496393760366777
pca_remove5,specificity_cos,128,77,195,0.39487179487179486,0.49707602339181284,0.5238095238095238,0.5705521472392638,0.05626247398916181,-0.07968696960541177,0.45496393760366777
contrast_l0p5,specificity_cos,128,77,193,0.39896373056994816,0.610062893081761,0.4883720930232558,0.514792899408284,0.36881534660679277,-0.07452539853972762,0.11863673239204724
headnorm_contrast_l0p25,norm,128,76,179,0.4245810055865922,0.5900621118012422,0.6410256410256411,0.5058823529411764,0.5636781538961124,0.23464886494627776,0.3330852187127196
contrast_l0p75,norm,128,80,187,0.42780748663101603,0.514792899408284,0.5705521472392638,0.610062893081761,0.10471622638876855,-0.49741915311922985,-0.28526877118034183
contrast_l0p25,specificity_cos,128,81,187,0.43315508021390375,0.6842105263157895,0.514792899408284,0.514792899408284,0.647690392408106,0.35820944297292556,0.48411017273625095
pca_remove3,norm,128,83,187,0.44385026737967914,0.5515151515151515,0.5421686746987951,0.6305732484076433,0.16308761743321484,0.037704884383807015,0.5007313454222896
pca_remove5,norm,128,83,187,0.44385026737967914,0.5515151515151515,0.5421686746987951,0.6305732484076433,0.16308761743321484,0.037704884383807015,0.5007313454222896
contrast_l0p5,norm,128,83,183,0.453551912568306,0.6,0.5515151515151515,0.610062893081761,0.5179327151482076,0.05940312799340715,0.24134748761149394
raw,specificity_cos,128,84,184,0.45652173913043476,0.7297297297297297,0.5329341317365269,0.514792899408284,0.8110088945891526,0.6416711539912751,0.7166637711700615
contrast_l0p25,norm,128,87,174,0.5,0.695364238410596,0.5802469135802469,0.620253164556962,0.7632553955094658,0.49629664108704286,0.6123426395666842
contrast_l0p25,contrast_norm,128,91,170,0.5352941176470588,0.6305732484076433,0.7414965986394558,0.610062893081761,0.7257411595325628,0.4429239798077941,0.5585291869197467
contrast_l0p5,contrast_norm,128,91,170,0.5352941176470588,0.6305732484076433,0.7414965986394558,0.610062893081761,0.47231779615102654,0.008852677843784327,0.18813043722481984
contrast_l0p75,contrast_norm,128,91,170,0.5352941176470588,0.6305732484076433,0.7414965986394558,0.610062893081761,0.07843455720370099,-0.5138655254078314,-0.3041162232741542
contrast_l1,contrast_norm,128,91,170,0.5352941176470588,0.6305732484076433,0.7414965986394558,0.610062893081761,-0.18812571899064917,-0.7477547720221833,-0.5519029318175663
contrast_l1,norm,128,91,170,0.5352941176470588,0.6305732484076433,0.7414965986394558,0.610062893081761,-0.18812571899064917,-0.7477547720221833,-0.5519029318175663
raw,contrast_norm,128,91,170,0.5352941176470588,0.6305732484076433,0.7414965986394558,0.610062893081761,0.8574363935706163,0.700482455853017,0.7667477125005682
global_residual,contrast_norm,128,93,169,0.5502958579881657,0.6305732484076433,0.7534246575342466,0.6305732484076433,-0.18981964854928157,-0.7476877837269043,-0.5508135339997026
global_residual,norm,128,93,169,0.5502958579881657,0.6305732484076433,0.7534246575342466,0.6305732484076433,-0.18981964854928157,-0.7476877837269043,-0.5508135339997026
pca_remove1,contrast_norm,128,93,169,0.5502958579881657,0.6305732484076433,0.7534246575342466,0.6305732484076433,-0.22749255314904665,-0.741598356976163,-0.5261483525205048
pca_remove1,norm,128,93,169,0.5502958579881657,0.6410256410256411,0.7414965986394558,0.6305732484076433,-0.22829161503903175,-0.740465459041034,-0.5261483525205048
pca_remove3,contrast_norm,128,98,163,0.6012269938650306,0.6623376623376623,0.7655172413793103,0.7066666666666667,0.11849731113143143,-0.006543293569078041,0.48271598587101777
pca_remove5,contrast_norm,128,98,163,0.6012269938650306,0.6623376623376623,0.7655172413793103,0.7066666666666667,0.11849731113143143,-0.006543293569078041,0.48271598587101777
raw,norm,128,99,160,0.61875,0.7534246575342466,0.673202614379085,0.7534246575342466,0.8808560195489086,0.7416222214691186,0.8090586276180319
contrast_l0p25,random,128,128,128,1.0,1.0,1.0,1.0,0.7858854681693053,0.5334880638523661,0.6060727651829936
contrast_l0p25,shared,128,128,128,1.0,1.0,1.0,1.0,0.7629916423141038,0.508911224535542,0.6274937463323198
contrast_l0p5,random,128,128,128,1.0,1.0,1.0,1.0,0.5691677376445926,0.12034356262844681,0.22385980024745344
contrast_l0p5,shared,128,128,128,1.0,1.0,1.0,1.0,0.5187385892541181,0.06298463085374546,0.24970622052352748
contrast_l0p75,random,128,128,128,1.0,1.0,1.0,1.0,0.17594758489509946,-0.44226690781961286,-0.3244732323891302
contrast_l0p75,shared,128,128,128,1.0,1.0,1.0,1.0,0.11111560585310591,-0.5015205692751195,-0.2894258604015524
contrast_l1,random,128,128,128,1.0,1.0,1.0,1.0,-0.16331608981452728,-0.7376351487655805,-0.5456665871770318
contrast_l1,shared,128,128,128,1.0,1.0,1.0,1.0,-0.1636643729418678,-0.7396432077625837,-0.5428713955602538
global_residual,random,128,128,128,1.0,1.0,1.0,1.0,-0.16847462519039344,-0.7323608926124646,-0.5477994712964536
global_residual,shared,128,128,128,1.0,1.0,1.0,1.0,-0.1653960898789948,-0.7382658557808872,-0.5431137920140612
headnorm_contrast_l0p25,random,128,128,128,1.0,1.0,1.0,1.0,0.8382942046189215,0.6595487866879386,0.7168853608234039
headnorm_contrast_l0p25,shared,128,128,128,1.0,1.0,1.0,1.0,0.564398245455077,0.22414850480673562,0.2988480501955836
headnorm_contrast_l0p5,random,128,128,128,1.0,1.0,1.0,1.0,0.6460898877735599,0.2966239943983013,0.40504754080745414
headnorm_contrast_l0p5,shared,128,128,128,1.0,1.0,1.0,1.0,0.279580442556016,-0.19063072447537693,-0.09363521576212784
headnorm_contrast_l0p75,random,128,128,128,1.0,1.0,1.0,1.0,0.23340038427123722,-0.332171285337296,-0.17614575370083166
headnorm_contrast_l0p75,shared,128,128,128,1.0,1.0,1.0,1.0,-0.04500083655604321,-0.5500286573761487,-0.4541636957520063
headnorm_contrast_l1,random,128,128,128,1.0,1.0,1.0,1.0,-0.13703194419656797,-0.7159213181724668,-0.5934905095713637
headnorm_contrast_l1,shared,128,128,128,1.0,1.0,1.0,1.0,-0.21487982264114466,-0.6622097186220957,-0.589519595459452
pca_remove1,random,128,128,128,1.0,1.0,1.0,1.0,-0.2068616760819436,-0.7254174653178239,-0.5233606541994689
pca_remove1,shared,128,128,128,1.0,1.0,1.0,1.0,-0.20371244323280274,-0.7320196865162927,-0.5178761147272577
pca_remove2,contrast_norm,128,128,128,1.0,1.0,1.0,1.0,-0.9999999264915976,0.9999996373165574,-0.9999995676859982
pca_remove2,hybrid,128,128,128,1.0,1.0,1.0,1.0,-1.000000149253464,0.9999995581456729,-0.9999992319053356
pca_remove2,norm,128,128,128,1.0,1.0,1.0,1.0,-0.9999999264915976,0.9999996373165574,-0.9999995676859982
pca_remove2,random,128,128,128,1.0,1.0,1.0,1.0,-1.0000001098421776,0.9999995663913396,-0.9999994347028491
pca_remove2,shared,128,128,128,1.0,1.0,1.0,1.0,-0.9999999264915976,0.9999996373165574,-0.9999995676859982
pca_remove3,random,128,128,128,1.0,1.0,1.0,1.0,0.2518444304550987,0.10408750140795824,0.308911831590294
pca_remove3,shared,128,128,128,1.0,1.0,1.0,1.0,0.1540745308385786,0.03315341341581474,0.5182759547705564
pca_remove5,random,128,128,128,1.0,1.0,1.0,1.0,0.2518444304550987,0.10408750140795824,0.308911831590294
pca_remove5,shared,128,128,128,1.0,1.0,1.0,1.0,0.1540745308385786,0.03315341341581474,0.5182759547705564
raw,random,128,128,128,1.0,1.0,1.0,1.0,0.8905883739857219,0.757798949452367,0.801804653904475
raw,shared,128,128,128,1.0,1.0,1.0,1.0,0.8833021183857769,0.748176415291428,0.8167320660524942
